transformer_id,substation_id,region,total_power_mw,avg_voltage_kv,avg_current_amp,avg_power_mw,avg_frequency_hz,avg_load_percent,avg_power_factor,avg_temperature_c,max_temperature_c,total_energy_generated_mwh,total_energy_consumed_mwh,avg_latency_ms,total_faults,max_risk_score,avg_risk_score,record_count,distinct_anomaly_types,worst_status,status,dominant_anomaly_type
TR-022018,SUB-022,South,671.41,39.9,74.27,2.27,49.98,81.83,0.77,59.75,74.82,1037.85,633.94,21.29,59,100,87.28,296,11,Critical,Critical,Compound Anomaly
TR-005004,SUB-005,West,593.19,39.71,73.27,2.22,50.05,80.7,0.77,59.41,71.15,953.46,910.4,22.41,54,100,86.49,267,11,Critical,Critical,Compound Anomaly
TR-027002,SUB-027,North-East,591.5,40.17,72.28,2.26,49.99,80.23,0.78,58.79,73.78,1556.6,703.82,20.44,55,100,85.58,262,11,Critical,Critical,Compound Anomaly
TR-029001,SUB-029,North,592.99,40.18,73.43,2.3,50.01,80.77,0.79,58.43,70.85,773.3,-179.54,21.23,44,100,84.33,258,10,Critical,High Risk,Compound Anomaly
TR-013001,SUB-013,East,591.71,40.03,73.26,2.28,49.99,79.67,0.79,58.55,70.21,383.18,916.75,22.53,49,100,84.09,259,11,Critical,High Risk,Compound Anomaly
TR-013016,SUB-013,East,590.05,40.0,72.15,2.26,50.01,79.65,0.79,58.42,74.32,128.14,105.41,20.7,53,100,84.0,261,10,Critical,High Risk,Compound Anomaly
TR-004019,SUB-004,North,580.02,40.18,70.57,2.22,50.01,77.49,0.79,57.96,70.49,793.77,1164.89,19.32,50,100,82.28,261,11,Critical,High Risk,Compound Anomaly
TR-024016,SUB-024,North,616.09,39.63,71.28,2.22,50.0,78.03,0.8,57.6,72.39,478.79,739.75,20.84,54,100,81.84,278,11,Critical,High Risk,Compound Anomaly
TR-013014,SUB-013,East,598.74,39.91,70.5,2.22,50.02,77.79,0.8,57.34,73.09,644.68,352.47,19.75,52,100,81.57,270,11,Critical,High Risk,Compound Anomaly
TR-016009,SUB-016,Central,540.06,39.86,70.99,2.22,50.01,78.45,0.8,57.67,73.06,586.82,89.63,20.58,32,100,81.51,243,11,Critical,High Risk,Compound Anomaly
TR-018008,SUB-018,North-East,619.71,39.92,71.46,2.25,50.02,78.15,0.8,57.39,74.43,982.24,57.9,20.36,55,100,81.41,275,11,Critical,High Risk,Compound Anomaly
TR-011014,SUB-011,East,631.37,40.3,71.55,2.26,50.01,78.46,0.79,57.67,76.72,-690.98,345.0,21.08,49,100,81.36,279,11,Critical,High Risk,Compound Anomaly
TR-022003,SUB-022,South,528.23,39.74,71.29,2.21,49.95,78.36,0.79,57.71,72.63,-662.68,700.56,19.32,37,100,81.32,239,11,Critical,High Risk,Compound Anomaly
TR-014020,SUB-014,Central,575.87,40.1,71.33,2.27,50.02,78.68,0.8,57.61,74.16,421.15,651.22,20.02,41,100,81.27,254,11,Critical,High Risk,Compound Anomaly
TR-028011,SUB-028,Central,575.23,40.05,70.98,2.23,50.0,77.62,0.79,57.31,73.57,2152.9,421.74,19.71,54,100,81.27,258,11,Critical,High Risk,Generation Drop
TR-028013,SUB-028,Central,545.69,39.85,70.03,2.22,50.0,77.09,0.8,56.97,70.1,1964.96,332.3,21.29,39,100,79.39,246,11,Critical,High Risk,Generation Drop
TR-025007,SUB-025,West,596.74,39.45,69.82,2.19,50.02,76.7,0.8,57.06,74.78,869.16,1291.83,19.71,46,100,79.27,273,11,Critical,High Risk,Compound Anomaly
TR-004010,SUB-004,North,529.71,39.98,69.58,2.22,50.01,76.54,0.81,56.37,74.57,-54.75,797.5,18.04,35,100,78.83,239,11,Critical,High Risk,Frequency Deviation
TR-019001,SUB-019,West,542.72,39.83,69.83,2.22,50.01,76.27,0.81,56.55,72.76,1879.44,1040.81,20.52,37,100,78.37,245,11,Critical,High Risk,Compound Anomaly
TR-019007,SUB-019,West,570.25,39.92,68.85,2.19,50.01,76.26,0.81,56.24,71.08,761.24,515.03,18.77,42,100,78.22,260,11,Critical,High Risk,Overload
TR-023013,SUB-023,East,578.53,40.14,68.77,2.18,50.01,76.03,0.8,56.4,69.95,-5.56,650.2,17.63,34,100,77.86,265,11,Critical,High Risk,Generation Drop
TR-029016,SUB-029,North,603.74,39.78,68.51,2.17,49.99,74.68,0.81,56.08,71.11,814.88,619.54,18.8,48,100,77.09,278,11,Critical,High Risk,Overload
TR-001003,SUB-001,North,546.28,40.4,67.57,2.17,49.98,74.42,0.81,55.85,80.96,768.13,631.16,18.14,43,100,76.48,252,11,Critical,High Risk,Generation Drop
TR-024002,SUB-024,North,553.44,40.04,67.52,2.15,50.01,74.83,0.81,56.03,70.67,-604.2,472.17,17.66,51,100,76.25,257,11,Critical,High Risk,Overload
TR-008005,SUB-008,South,564.72,40.16,68.08,2.21,50.01,75.1,0.82,55.63,74.55,1256.02,-55.04,18.78,35,100,76.0,256,11,Critical,High Risk,Generation Drop
TR-026004,SUB-026,South,558.35,39.96,67.22,2.14,50.0,74.22,0.81,55.93,70.2,-744.11,594.61,19.02,39,100,75.91,261,11,Critical,High Risk,Generation Drop
TR-023009,SUB-023,East,522.79,40.22,67.26,2.16,50.02,73.83,0.81,55.58,72.62,1319.36,957.14,17.23,40,100,75.74,242,11,Critical,High Risk,Generation Drop
TR-001016,SUB-001,North,537.37,40.27,67.74,2.2,50.03,74.3,0.82,55.58,71.74,-1270.94,750.83,17.62,30,100,75.52,244,11,Critical,High Risk,Overload
TR-027003,SUB-027,North-East,599.43,40.04,67.66,2.18,50.01,74.44,0.82,55.75,72.22,-352.38,721.25,17.82,36,100,75.19,275,11,Critical,High Risk,Generation Drop
TR-021011,SUB-021,West,619.82,39.89,66.91,2.14,50.0,73.97,0.82,55.6,73.63,233.7,426.69,17.7,42,100,74.58,289,11,Critical,High Risk,Overload
TR-028008,SUB-028,Central,574.37,40.27,67.3,2.19,49.99,73.93,0.82,55.5,71.94,1265.26,348.65,17.63,33,100,74.52,262,11,Critical,High Risk,Generation Drop
TR-016010,SUB-016,Central,528.28,39.66,66.62,2.14,49.99,73.07,0.82,55.43,75.19,2015.31,297.87,16.4,33,100,74.45,247,11,Critical,High Risk,Generation Drop
TR-018014,SUB-018,North-East,500.57,40.08,67.39,2.19,50.0,73.59,0.82,55.26,75.25,746.58,455.33,17.06,28,100,74.26,229,11,Critical,High Risk,Generation Drop
TR-016008,SUB-016,Central,542.85,39.93,65.83,2.13,50.0,72.77,0.82,54.89,68.79,297.63,795.71,17.16,42,100,74.04,255,11,Critical,High Risk,Generation Drop
TR-015019,SUB-015,Central,607.43,40.08,66.75,2.16,50.0,73.73,0.82,55.51,75.73,832.78,566.21,17.75,25,100,74.02,281,11,Critical,High Risk,Generation Drop
TR-020018,SUB-020,East,536.29,39.86,66.63,2.15,49.98,73.51,0.82,54.82,75.29,220.03,-63.64,17.79,31,100,73.65,250,11,Critical,High Risk,Generation Drop
TR-017013,SUB-017,North-East,530.46,39.91,65.52,2.11,50.01,72.38,0.82,55.17,71.87,657.59,1053.58,16.91,40,100,72.55,251,11,Critical,High Risk,Generation Drop
TR-018001,SUB-018,North-East,556.23,39.96,66.09,2.13,49.99,72.18,0.82,54.9,69.05,525.53,993.67,16.38,34,100,72.53,261,11,Critical,High Risk,Generation Drop
TR-021013,SUB-021,West,603.74,39.67,65.96,2.12,49.97,72.23,0.82,54.81,74.21,828.58,49.8,17.35,23,100,71.76,285,11,Critical,High Risk,Generation Drop
TR-020008,SUB-020,East,597.1,40.15,66.03,2.17,49.99,72.27,0.83,54.57,74.74,1078.54,688.93,17.59,29,100,71.71,275,11,Critical,High Risk,Generation Drop
TR-024008,SUB-024,North,622.16,40.27,65.29,2.12,50.0,72.12,0.82,54.66,74.47,3024.11,616.39,17.71,34,100,71.68,293,11,Critical,High Risk,Generation Drop
TR-008004,SUB-008,South,591.3,40.27,64.75,2.12,49.99,71.17,0.83,54.47,70.86,881.5,182.46,15.89,41,100,71.65,279,11,Critical,High Risk,Generation Drop
TR-021004,SUB-021,West,551.38,39.52,65.0,2.08,50.0,71.69,0.82,54.62,71.26,934.4,446.62,16.15,31,100,71.63,265,11,Critical,High Risk,Generation Drop
TR-026010,SUB-026,South,524.46,40.19,64.59,2.11,50.0,71.47,0.82,54.37,72.82,-68.99,779.75,16.24,31,100,71.51,249,11,Critical,High Risk,Generation Drop
TR-029008,SUB-029,North,562.94,40.05,65.65,2.15,50.0,71.77,0.83,54.05,71.58,-672.51,758.4,16.91,34,100,71.5,262,11,Critical,High Risk,Generation Drop
TR-018011,SUB-018,North-East,536.65,39.9,65.38,2.14,50.02,71.55,0.83,54.13,69.7,435.43,447.4,16.58,41,100,70.92,251,11,Critical,High Risk,Generation Drop
TR-005010,SUB-005,West,521.93,40.04,64.4,2.09,50.01,70.82,0.83,54.45,74.26,559.8,1063.75,16.65,28,100,70.69,250,11,Critical,High Risk,Generation Drop
TR-003016,SUB-003,North,555.8,40.14,64.38,2.1,50.0,71.05,0.83,54.24,73.26,588.8,814.22,18.56,27,100,70.69,265,11,Critical,High Risk,Generation Drop
TR-006003,SUB-006,West,589.13,40.41,64.5,2.12,50.0,70.74,0.83,53.97,72.31,1636.74,526.94,17.29,40,100,70.65,278,11,Critical,High Risk,Generation Drop
TR-023012,SUB-023,East,505.02,39.84,64.69,2.09,50.04,71.07,0.83,53.94,73.63,-853.22,288.4,16.15,27,100,70.56,242,11,Critical,High Risk,Overload
TR-026018,SUB-026,South,477.39,39.67,64.29,2.07,49.99,71.0,0.83,54.16,77.71,301.32,739.55,16.51,28,100,70.38,231,11,Critical,High Risk,Generation Drop
TR-022010,SUB-022,South,486.75,39.88,64.27,2.08,50.01,70.65,0.83,53.82,72.39,1259.2,505.2,16.54,28,100,70.3,234,11,Critical,High Risk,Generation Drop
TR-009001,SUB-009,South,507.14,39.76,64.05,2.1,50.0,71.02,0.84,53.71,72.79,1045.2,365.68,16.46,27,100,69.93,242,11,Critical,Warning,Generation Drop
TR-013019,SUB-013,East,530.03,39.7,64.04,2.09,49.99,70.51,0.84,53.67,70.43,1407.9,269.01,15.44,26,100,69.91,253,11,Critical,Warning,Generation Drop
TR-009015,SUB-009,South,593.89,39.95,63.93,2.09,50.01,69.94,0.83,54.06,70.27,1583.39,412.1,15.78,24,100,69.77,284,11,Critical,Warning,Generation Drop
TR-017016,SUB-017,North-East,538.43,40.01,63.6,2.08,49.99,70.39,0.83,53.61,68.53,1297.8,275.22,16.05,30,100,69.74,259,11,Critical,Warning,Generation Drop
TR-013015,SUB-013,East,508.22,39.82,63.43,2.07,49.99,69.74,0.83,53.99,70.17,-427.23,705.53,16.47,29,100,69.26,246,11,Critical,Warning,Generation Drop
TR-012020,SUB-012,East,506.3,39.61,64.05,2.08,50.0,70.2,0.83,53.47,68.54,-1277.9,989.74,14.99,27,100,69.05,244,11,Critical,Warning,Generation Drop
TR-016003,SUB-016,Central,551.31,39.87,62.98,2.06,50.01,69.6,0.84,53.34,74.94,649.5,427.31,16.23,23,100,68.52,267,11,Critical,Warning,Generation Drop
TR-015012,SUB-015,Central,551.38,39.86,63.88,2.08,50.0,69.72,0.83,53.45,75.91,1223.82,858.74,15.61,26,100,68.51,265,11,Critical,Warning,Generation Drop
TR-008019,SUB-008,South,537.22,40.21,63.03,2.09,49.98,69.9,0.84,53.59,76.48,-585.57,593.2,17.27,29,100,68.44,257,11,Critical,Warning,Generation Drop
TR-025017,SUB-025,West,515.28,40.29,62.63,2.08,50.0,69.31,0.84,53.69,72.52,360.54,373.34,15.27,23,100,68.41,248,11,Critical,Warning,Generation Drop
TR-005001,SUB-005,West,514.6,40.1,62.12,2.07,49.99,68.93,0.84,53.24,70.52,1980.32,875.87,16.0,34,100,68.38,249,11,Critical,Warning,Generation Drop
TR-004006,SUB-004,North,580.11,40.17,63.24,2.09,50.0,70.14,0.84,53.2,72.54,1216.25,797.43,15.56,29,100,68.2,277,11,Critical,Warning,Generation Drop
TR-006017,SUB-006,West,564.7,40.22,63.44,2.09,49.95,69.57,0.84,53.27,70.74,445.05,745.44,16.9,30,100,68.17,270,11,Critical,Warning,Generation Drop
TR-006020,SUB-006,West,532.6,39.95,62.91,2.07,50.01,69.25,0.84,53.22,76.53,1243.09,958.19,14.17,34,100,68.13,257,11,Critical,Warning,Generation Drop
TR-020011,SUB-020,East,522.77,39.96,63.83,2.1,49.98,70.05,0.84,53.36,69.41,623.01,559.21,16.05,26,100,68.06,249,11,Critical,Warning,Generation Drop
TR-018005,SUB-018,North-East,592.06,40.16,62.94,2.08,50.0,69.46,0.84,53.41,71.01,104.24,933.6,16.39,39,100,67.77,285,11,Critical,Warning,Generation Drop
TR-012009,SUB-012,East,539.99,40.16,62.84,2.08,49.97,69.35,0.84,52.85,69.26,2171.64,201.51,16.06,22,100,66.93,259,11,Critical,Warning,Generation Drop
TR-025006,SUB-025,West,540.21,40.24,61.64,2.04,50.0,67.68,0.84,52.96,70.04,1773.85,741.87,16.14,33,100,66.82,265,11,Critical,Warning,Generation Drop
TR-001005,SUB-001,North,523.47,40.02,62.96,2.07,49.99,69.43,0.84,53.42,74.73,77.94,725.39,15.12,27,100,66.65,253,11,Critical,Warning,Generation Drop
TR-028002,SUB-028,Central,516.9,40.07,62.56,2.07,49.99,67.87,0.84,53.06,73.47,-53.98,491.9,16.67,27,100,66.59,250,11,Critical,Warning,Generation Drop
TR-006014,SUB-006,West,585.9,40.28,62.35,2.07,50.02,68.54,0.84,53.0,67.88,2231.84,276.82,16.27,41,100,66.34,283,11,Critical,Warning,Generation Drop
TR-026016,SUB-026,South,536.1,39.65,61.43,2.01,50.0,67.48,0.84,52.63,74.68,-299.04,188.8,14.81,26,100,66.31,267,11,Critical,Warning,Generation Drop
TR-023014,SUB-023,East,514.58,40.03,62.17,2.04,50.0,68.24,0.84,53.13,68.78,400.49,796.33,15.25,22,100,66.27,252,11,Critical,Warning,Generation Drop
TR-026008,SUB-026,South,568.96,39.78,61.95,2.04,49.98,68.18,0.84,52.82,72.54,462.12,93.2,15.23,34,100,66.24,279,11,Critical,Warning,Generation Drop
TR-006018,SUB-006,West,504.19,40.33,61.21,2.03,49.97,67.9,0.84,52.86,71.19,1285.02,897.37,16.5,23,100,66.11,248,11,Critical,Warning,Generation Drop
TR-019008,SUB-019,West,488.37,40.04,61.76,2.06,50.02,68.45,0.85,52.59,71.58,1332.92,969.44,15.96,17,100,65.81,237,11,Critical,Warning,Generation Drop
TR-026012,SUB-026,South,580.96,39.95,61.96,2.04,49.98,67.86,0.84,52.58,67.63,836.55,595.79,16.26,39,100,65.78,285,11,Critical,Warning,Generation Drop
TR-002003,SUB-002,North,470.95,40.33,61.78,2.06,50.03,67.82,0.84,53.11,73.07,659.88,150.36,14.38,25,100,65.78,229,11,Critical,Warning,Overload
TR-028016,SUB-028,Central,558.47,40.15,61.63,2.07,49.99,67.77,0.85,52.43,71.44,1298.46,509.69,15.04,30,100,65.68,270,11,Critical,Warning,Generation Drop
TR-025018,SUB-025,West,542.85,39.84,61.4,2.03,49.97,67.54,0.85,52.38,68.99,1256.07,429.14,14.35,34,100,65.25,267,11,Critical,Warning,Generation Drop
TR-012013,SUB-012,East,480.55,40.35,60.98,2.05,49.98,67.71,0.85,52.28,68.47,-343.29,841.03,13.56,22,100,64.9,234,11,Critical,Warning,Generation Drop
TR-025020,SUB-025,West,516.23,40.16,60.96,2.03,50.02,67.19,0.85,52.32,72.41,923.53,788.49,14.96,27,100,64.85,254,11,Critical,Warning,Generation Drop
TR-002012,SUB-002,North,539.38,39.92,61.8,2.04,50.0,67.42,0.84,52.68,74.43,698.78,619.33,15.39,26,100,64.83,265,11,Critical,Warning,Generation Drop
TR-003005,SUB-003,North,558.98,40.02,61.32,2.03,50.0,67.15,0.84,52.37,69.41,1404.83,335.31,15.65,27,100,64.69,275,11,Critical,Warning,Generation Drop
TR-029015,SUB-029,North,537.16,40.02,60.32,1.99,49.98,66.93,0.84,52.4,67.58,1175.65,324.66,13.42,36,100,64.67,270,11,Critical,Warning,Generation Drop
TR-011003,SUB-011,East,568.8,40.32,60.93,2.05,49.99,66.86,0.85,52.43,73.96,-374.43,170.01,14.29,31,100,64.42,278,11,Critical,Warning,Generation Drop
TR-015008,SUB-015,Central,521.01,40.05,60.88,2.02,49.99,67.18,0.84,52.43,71.24,-871.61,493.98,14.31,24,100,64.38,258,11,Critical,Warning,Generation Drop
TR-006008,SUB-006,West,549.89,39.81,61.28,2.01,50.0,66.89,0.85,52.49,73.42,-406.93,372.84,15.42,21,100,64.22,273,11,Critical,Warning,Generation Drop
TR-005020,SUB-005,West,475.26,40.03,60.28,2.0,50.02,66.0,0.84,52.35,66.88,333.36,365.65,15.15,32,100,64.0,238,11,Critical,Warning,Generation Drop
TR-021010,SUB-021,West,598.13,40.12,61.75,2.06,49.98,67.19,0.85,51.95,68.79,1017.98,709.74,14.36,28,100,63.84,290,11,Critical,Warning,Generation Drop
TR-009011,SUB-009,South,521.27,39.96,60.87,2.02,49.99,66.9,0.85,51.79,71.66,368.93,379.78,14.23,24,100,63.55,258,11,Critical,Warning,Generation Drop
TR-004008,SUB-004,North,605.2,39.75,60.0,1.98,50.01,66.35,0.85,52.11,69.63,100.39,752.29,14.33,30,100,63.54,305,11,Critical,Warning,Generation Drop
TR-014003,SUB-014,Central,508.37,39.71,60.68,2.0,49.97,66.63,0.85,51.99,68.66,1221.62,-158.74,13.7,24,100,63.43,254,11,Critical,Warning,Generation Drop
TR-027008,SUB-027,North-East,591.49,40.04,60.07,2.01,50.0,66.2,0.85,52.0,70.4,871.75,791.9,15.86,30,100,63.21,295,11,Critical,Warning,Generation Drop
TR-025015,SUB-025,West,541.83,39.98,60.44,2.01,50.02,66.19,0.85,51.83,68.49,-119.18,784.36,14.76,32,100,63.19,269,11,Critical,Warning,Generation Drop
TR-019004,SUB-019,West,529.85,40.12,60.19,2.0,49.97,66.14,0.84,52.36,71.32,-1436.1,610.53,14.59,23,100,63.11,265,11,Critical,Warning,Generation Drop
TR-019013,SUB-019,West,527.03,40.15,59.47,1.98,49.99,66.03,0.85,51.77,74.25,12.92,843.9,14.74,25,100,62.78,266,11,Critical,Warning,Generation Drop
TR-003013,SUB-003,North,547.45,39.85,59.82,1.98,49.99,65.97,0.85,51.87,70.16,821.18,558.12,14.35,19,100,62.77,277,11,Critical,Warning,Generation Drop
TR-003003,SUB-003,North,487.27,39.93,59.86,1.98,49.99,66.07,0.85,51.87,71.83,708.38,299.3,13.67,22,100,62.68,246,11,Critical,Warning,Generation Drop
TR-001009,SUB-001,North,548.88,39.99,60.44,2.02,49.99,66.04,0.85,51.66,71.59,-7.43,547.03,13.75,22,100,62.68,272,11,Critical,Warning,Generation Drop
TR-014004,SUB-014,Central,520.04,39.84,60.31,2.02,50.0,65.71,0.85,51.61,69.66,-441.45,462.73,13.83,25,100,62.46,258,11,Critical,Warning,Generation Drop
TR-022004,SUB-022,South,603.0,40.22,59.54,2.0,50.0,65.51,0.85,51.52,69.42,-128.7,1053.49,14.01,24,100,62.41,301,11,Critical,Warning,Generation Drop
TR-029018,SUB-029,North,475.56,39.6,59.63,1.97,50.0,65.9,0.85,51.6,71.95,948.68,500.93,14.76,16,100,62.39,241,11,Critical,Warning,Generation Drop
TR-017002,SUB-017,North-East,501.24,39.84,59.87,2.0,50.03,65.59,0.85,51.71,72.26,1369.27,397.94,14.2,24,100,62.38,251,11,Critical,Warning,Generation Drop
TR-025010,SUB-025,West,505.12,40.19,59.81,2.0,49.97,65.06,0.85,51.87,71.88,2086.24,473.93,14.13,28,100,62.24,252,11,Critical,Warning,Generation Drop
TR-009016,SUB-009,South,521.26,40.14,59.18,1.98,50.0,65.07,0.85,51.79,71.51,1270.9,356.0,15.34,33,100,62.15,263,11,Critical,Warning,Generation Drop
TR-023006,SUB-023,East,507.03,39.82,59.37,1.97,50.0,65.07,0.85,51.5,69.47,-116.67,634.27,15.65,33,100,62.12,257,11,Critical,Warning,Generation Drop
TR-013004,SUB-013,East,516.55,39.72,60.17,1.98,50.0,65.73,0.85,51.87,75.41,720.97,629.97,14.27,24,100,61.98,261,11,Critical,Warning,Generation Drop
TR-002018,SUB-002,North,489.73,40.18,60.0,2.02,49.98,65.78,0.85,51.31,67.46,-38.4,704.45,14.52,21,100,61.88,243,11,Critical,Warning,Generation Drop
TR-021008,SUB-021,West,502.49,40.06,59.29,1.99,50.02,65.16,0.85,51.59,72.55,-661.81,1036.28,13.99,25,100,61.77,253,11,Critical,Warning,Generation Drop
TR-021016,SUB-021,West,524.41,39.96,59.11,1.97,50.0,64.97,0.85,51.51,74.38,981.76,439.52,14.4,25,100,61.73,266,11,Critical,Warning,Generation Drop
TR-028004,SUB-028,Central,486.37,40.16,59.21,1.99,50.02,64.98,0.85,51.39,66.35,692.5,1221.66,13.49,19,100,61.6,245,11,Critical,Warning,Generation Drop
TR-003010,SUB-003,North,466.31,40.08,59.1,1.98,50.0,65.01,0.85,51.43,69.45,-559.05,78.58,13.56,23,100,61.41,235,11,Critical,Warning,Generation Drop
TR-007005,SUB-007,West,533.06,40.03,58.73,1.98,50.02,64.38,0.86,51.24,70.01,-48.06,522.44,14.24,28,100,61.29,269,11,Critical,Warning,Generation Drop
TR-012018,SUB-012,East,526.26,39.86,59.35,2.0,50.01,65.1,0.86,51.13,68.49,1181.49,913.17,12.9,24,100,61.13,263,11,Critical,Warning,Generation Drop
TR-004009,SUB-004,North,542.95,40.06,58.73,1.97,50.02,64.58,0.85,51.27,67.64,1093.81,261.01,13.15,22,100,61.09,276,11,Critical,Warning,Generation Drop
TR-029014,SUB-029,North,550.94,39.8,58.08,1.93,49.99,63.95,0.85,51.25,71.09,881.44,965.62,15.21,33,100,61.04,285,11,Critical,Warning,Generation Drop
TR-017012,SUB-017,North-East,473.81,40.51,58.54,1.99,49.99,64.45,0.85,51.19,73.69,1010.11,233.84,13.4,13,100,60.55,238,11,Critical,Warning,Generation Drop
TR-007010,SUB-007,West,504.96,39.67,58.37,1.92,49.99,64.09,0.85,51.31,69.26,-1009.75,470.74,13.06,25,100,60.52,263,11,Critical,Warning,Generation Drop
TR-017010,SUB-017,North-East,545.53,40.0,57.11,1.91,50.0,63.41,0.85,51.11,69.71,563.73,156.94,13.52,32,100,59.9,286,11,Critical,Warning,Generation Drop
TR-011015,SUB-011,East,548.71,39.94,58.46,1.95,50.01,63.84,0.85,51.04,76.25,2012.75,900.66,14.06,20,100,59.72,281,11,Critical,Warning,Generation Drop
TR-020020,SUB-020,East,508.31,39.71,58.33,1.97,50.01,63.59,0.87,50.84,72.07,227.53,567.22,12.5,24,100,59.68,258,11,Critical,Warning,Generation Drop
TR-001002,SUB-001,North,480.9,39.93,57.56,1.92,50.0,63.77,0.85,51.07,68.33,243.47,1217.57,13.26,19,100,59.68,251,11,Critical,Warning,Generation Drop
TR-007017,SUB-007,West,490.51,39.76,58.16,1.97,50.02,64.16,0.87,50.65,73.52,-7.37,867.11,13.87,15,100,59.57,249,11,Critical,Warning,Generation Drop
TR-027005,SUB-027,North-East,450.75,40.03,57.56,1.94,49.99,63.53,0.86,51.19,81.37,169.64,113.66,13.41,15,100,59.54,232,11,Critical,Warning,Generation Drop
TR-029010,SUB-029,North,502.12,39.97,57.2,1.93,50.0,63.16,0.86,50.73,70.26,225.79,372.7,12.81,20,100,59.41,260,11,Critical,Warning,Generation Drop
TR-005008,SUB-005,West,471.5,39.92,58.16,1.94,49.99,63.53,0.86,50.77,70.4,3.16,285.92,14.96,19,100,59.33,243,11,Critical,Warning,Generation Drop
TR-023011,SUB-023,East,486.51,39.92,58.18,1.95,49.99,64.44,0.86,50.79,70.95,1195.74,728.11,14.53,23,100,59.19,250,11,Critical,Warning,Generation Drop
TR-004020,SUB-004,North,496.69,40.21,59.11,1.99,50.0,64.19,0.86,50.89,71.69,-105.49,245.88,14.09,23,100,59.18,249,11,Critical,Warning,Generation Drop
TR-028010,SUB-028,Central,490.03,40.03,58.95,1.98,50.01,64.46,0.86,50.72,70.5,417.7,266.39,13.71,17,100,58.89,247,11,Critical,Warning,Generation Drop
TR-028009,SUB-028,Central,518.75,40.02,57.3,1.93,49.97,62.84,0.86,50.68,71.98,-654.16,595.56,13.55,22,100,58.78,269,11,Critical,Warning,Generation Drop
TR-011016,SUB-011,East,474.33,40.0,56.28,1.9,50.02,62.44,0.86,50.57,66.36,-163.3,78.9,14.06,21,100,58.72,249,11,Critical,Warning,Generation Drop
TR-014012,SUB-014,Central,497.81,39.83,55.99,1.88,49.97,62.47,0.86,50.61,68.94,626.45,586.87,14.17,19,100,58.54,265,11,Critical,Warning,Generation Drop
TR-017017,SUB-017,North-East,488.32,40.06,57.84,1.95,50.02,63.9,0.86,50.8,69.52,723.52,396.95,12.49,17,100,58.47,251,11,Critical,Warning,Generation Drop
TR-013007,SUB-013,East,485.65,40.23,56.93,1.93,49.99,62.6,0.86,50.68,74.08,1120.61,704.91,12.82,15,100,58.18,252,11,Critical,Warning,Generation Drop
TR-023005,SUB-023,East,445.95,40.16,58.21,1.97,49.99,63.3,0.86,50.66,72.46,1257.93,203.91,13.33,14,100,58.17,226,11,Critical,Warning,Generation Drop
TR-023001,SUB-023,East,483.56,39.89,57.49,1.93,50.0,63.24,0.86,50.64,72.02,2002.15,544.69,12.71,16,100,57.94,251,11,Critical,Warning,Overload
TR-003002,SUB-003,North,489.19,39.63,57.14,1.92,50.02,63.05,0.86,50.35,64.78,1422.53,536.82,13.31,23,100,57.81,255,11,Critical,Warning,Generation Drop
TR-011004,SUB-011,East,472.25,40.21,57.19,1.94,50.01,62.78,0.86,50.44,68.67,1042.52,70.55,13.12,19,100,57.42,244,11,Critical,Warning,Generation Drop
TR-004005,SUB-004,North,454.87,40.03,55.74,1.88,50.0,61.85,0.86,50.24,67.8,568.93,237.3,12.96,16,100,57.38,242,11,Critical,Warning,Generation Drop
TR-007001,SUB-007,West,527.23,40.1,55.83,1.9,50.0,61.57,0.87,50.2,71.65,35.33,614.32,11.58,25,100,57.26,277,11,Critical,Warning,Generation Drop
TR-011006,SUB-011,East,436.02,40.05,56.45,1.9,50.01,62.9,0.86,50.32,68.59,283.92,729.51,13.63,12,100,57.23,229,11,Critical,Warning,Generation Drop
TR-021017,SUB-021,West,435.79,40.02,56.71,1.9,49.99,62.68,0.86,50.4,68.91,903.54,-170.63,13.97,15,100,57.13,229,11,Critical,Warning,Generation Drop
TR-019005,SUB-019,West,518.23,39.77,56.32,1.88,49.99,62.18,0.86,50.57,70.69,361.35,-501.83,12.9,22,100,57.09,276,11,Critical,Warning,Generation Drop
TR-015013,SUB-015,Central,473.62,40.38,57.01,1.95,50.02,62.47,0.86,50.22,68.72,14.32,288.06,12.54,10,100,56.67,243,11,Critical,Warning,Generation Drop
TR-007019,SUB-007,West,555.76,40.14,55.99,1.9,50.01,61.4,0.86,50.4,77.74,948.99,744.06,13.32,26,100,56.37,292,11,Critical,Warning,Generation Drop
TR-003004,SUB-003,North,579.0,39.85,55.57,1.88,49.99,61.34,0.87,50.12,73.59,616.95,1128.17,11.65,33,100,56.27,308,11,Critical,Warning,Generation Drop
TR-029012,SUB-029,North,496.83,39.96,55.56,1.89,50.01,61.34,0.87,50.17,70.77,-671.5,123.93,12.9,16,100,56.07,263,11,Critical,Warning,Generation Drop
TR-023004,SUB-023,East,487.27,39.85,55.73,1.87,50.03,61.59,0.86,50.13,69.27,-551.99,826.93,12.89,16,100,55.86,260,11,Critical,Warning,Generation Drop
TR-002011,SUB-002,North,483.96,40.02,55.71,1.89,50.0,61.54,0.87,49.95,69.77,1240.13,774.38,12.37,17,100,55.83,256,11,Critical,Warning,Generation Drop
TR-014019,SUB-014,Central,461.24,40.17,55.53,1.9,49.99,61.28,0.87,49.93,70.24,37.54,537.86,13.39,25,100,55.77,243,11,Critical,Warning,Generation Drop
TR-012015,SUB-012,East,518.51,39.76,56.21,1.89,49.99,61.47,0.86,50.02,69.75,-956.34,338.54,13.06,17,100,55.73,275,11,Critical,Warning,Generation Drop
TR-005006,SUB-005,West,501.05,40.01,55.63,1.89,49.99,61.39,0.87,49.72,71.5,1238.43,137.32,13.1,25,100,55.71,265,11,Critical,Warning,Generation Drop
TR-019014,SUB-019,West,473.34,39.92,55.57,1.89,49.99,60.99,0.87,50.19,74.06,1481.38,119.77,12.08,23,100,55.67,250,11,Critical,Warning,Generation Drop
TR-026005,SUB-026,South,501.03,39.76,56.3,1.91,49.99,61.59,0.87,49.9,69.6,-533.22,286.05,11.77,17,100,55.59,263,11,Critical,Warning,Generation Drop
TR-025002,SUB-025,West,520.74,40.1,55.19,1.87,50.01,60.74,0.87,50.21,71.71,988.56,698.78,12.87,25,100,55.49,278,11,Critical,Warning,Generation Drop
TR-023003,SUB-023,East,516.56,39.86,55.63,1.89,49.99,61.17,0.87,49.79,70.07,173.61,510.34,12.56,16,100,54.88,274,11,Critical,Warning,Generation Drop
TR-027006,SUB-027,North-East,494.9,39.97,54.64,1.86,50.02,60.46,0.87,49.4,70.33,856.36,24.6,12.24,14,100,54.71,266,11,Critical,Warning,Generation Drop
TR-015020,SUB-015,Central,461.92,39.88,55.0,1.84,50.03,60.48,0.86,49.81,71.64,-1234.51,122.92,13.99,16,100,54.66,251,11,Critical,Warning,Generation Drop
TR-029007,SUB-029,North,477.08,39.99,55.3,1.89,50.01,60.72,0.87,49.37,69.02,1200.26,146.4,12.52,20,100,54.58,253,11,Critical,Warning,Generation Drop
TR-001004,SUB-001,North,455.96,39.72,55.71,1.89,49.99,60.89,0.87,49.55,69.4,-274.14,560.44,12.34,19,100,54.57,241,11,Critical,Warning,Generation Drop
TR-006019,SUB-006,West,511.64,39.91,54.72,1.85,49.98,59.76,0.87,49.94,71.78,-568.06,781.06,14.33,18,100,54.53,277,11,Critical,Warning,Generation Drop
TR-005014,SUB-005,West,471.11,40.47,54.8,1.89,50.0,60.4,0.87,49.5,71.65,872.76,659.8,12.36,26,100,54.46,249,11,Critical,Warning,Generation Drop
TR-009010,SUB-009,South,458.93,40.09,54.64,1.87,50.0,60.05,0.87,49.46,73.46,1567.48,221.8,11.67,22,100,54.41,246,11,Critical,Warning,Generation Drop
TR-018019,SUB-018,North-East,505.65,39.71,54.68,1.84,50.04,60.61,0.87,49.7,69.5,707.43,19.15,13.14,22,100,54.37,275,11,Critical,Warning,Generation Drop
TR-011020,SUB-011,East,495.22,40.0,55.14,1.88,50.0,60.28,0.87,49.65,66.14,-965.18,562.9,12.07,15,100,54.23,263,11,Critical,Warning,Generation Drop
TR-014018,SUB-014,Central,460.15,39.87,54.82,1.86,50.01,60.49,0.87,49.55,69.57,1488.87,680.01,12.67,11,100,54.2,248,11,Critical,Warning,Generation Drop
TR-010005,SUB-010,South,449.0,40.15,55.13,1.86,50.0,60.85,0.86,49.65,71.66,231.09,273.51,11.67,13,100,54.16,241,11,Critical,Warning,Generation Drop
TR-021015,SUB-021,West,476.28,39.99,54.69,1.87,49.99,60.23,0.87,49.89,69.14,-73.53,374.59,12.82,17,100,54.15,255,11,Critical,Warning,Generation Drop
TR-005017,SUB-005,West,503.92,39.86,55.17,1.89,50.01,60.19,0.87,49.13,70.45,-593.44,518.41,11.9,17,100,53.79,267,11,Critical,Warning,Generation Drop
TR-003001,SUB-003,North,444.85,40.1,53.54,1.83,50.0,59.2,0.87,49.72,73.22,-685.71,207.8,12.2,14,100,53.73,243,11,Critical,Warning,Generation Drop
TR-023002,SUB-023,East,439.95,40.03,54.63,1.86,50.02,59.92,0.87,49.38,69.53,616.83,817.5,12.85,15,100,53.64,236,11,Critical,Warning,Generation Drop
TR-029006,SUB-029,North,465.96,39.71,54.38,1.83,50.02,59.51,0.87,49.4,68.52,-1102.3,286.51,13.57,11,100,53.41,255,11,Critical,Warning,Generation Drop
TR-021018,SUB-021,West,434.81,40.05,54.66,1.87,50.0,60.15,0.87,49.14,70.17,429.6,4.16,12.18,10,100,53.34,233,11,Critical,Warning,Generation Drop
TR-024006,SUB-024,North,441.81,40.03,54.58,1.84,49.98,59.55,0.87,49.68,74.1,432.64,831.87,11.54,15,100,53.26,240,11,Critical,Warning,Generation Drop
TR-010010,SUB-010,South,466.07,39.84,54.0,1.83,50.02,59.39,0.87,49.14,74.04,633.82,13.84,11.79,24,100,53.23,254,11,Critical,Warning,Generation Drop
TR-028020,SUB-028,Central,507.28,39.77,53.86,1.82,50.0,59.55,0.87,49.03,70.97,749.81,1128.31,12.64,15,100,53.15,279,11,Critical,Warning,Generation Drop
TR-001020,SUB-001,North,454.86,39.95,53.6,1.83,49.98,58.79,0.87,49.16,68.06,1541.31,132.25,12.87,20,100,52.98,249,11,Critical,Warning,Generation Drop
TR-014013,SUB-014,Central,453.45,40.19,53.68,1.85,50.02,59.17,0.87,49.2,68.34,146.87,472.36,12.07,19,100,52.97,245,11,Critical,Warning,Generation Drop
TR-026014,SUB-026,South,507.31,39.91,54.66,1.84,49.99,59.5,0.87,49.22,71.78,194.7,-105.8,11.61,23,100,52.85,275,11,Critical,Warning,Generation Drop
TR-006001,SUB-006,West,478.92,39.96,53.5,1.83,49.98,59.0,0.87,48.77,69.42,882.06,1072.33,11.98,20,100,52.61,262,11,Critical,Warning,Generation Drop
TR-001013,SUB-001,North,452.46,39.95,53.74,1.83,49.99,59.39,0.87,48.87,71.95,137.44,-8.73,12.26,16,100,52.42,247,11,Critical,Warning,Generation Drop
TR-002001,SUB-002,North,447.27,39.9,53.55,1.83,50.03,59.15,0.88,48.94,65.57,-478.16,726.03,12.3,14,100,52.29,244,11,Critical,Warning,Generation Drop
TR-017014,SUB-017,North-East,496.25,40.09,53.59,1.85,50.0,58.9,0.88,48.65,68.78,1157.47,801.71,11.63,21,100,52.09,268,11,Critical,Warning,Generation Drop
TR-003011,SUB-003,North,484.86,39.86,53.15,1.81,50.0,58.93,0.87,48.96,73.62,1357.56,1041.45,11.52,12,100,51.93,268,11,Critical,Warning,Generation Drop
TR-012019,SUB-012,East,484.61,39.78,52.33,1.8,50.01,58.21,0.88,48.72,69.85,368.17,612.5,11.71,12,100,51.37,269,11,Critical,Warning,Generation Drop
TR-018016,SUB-018,North-East,458.51,39.82,52.3,1.79,50.0,57.69,0.88,48.62,70.73,477.63,376.15,10.89,16,100,51.3,256,11,Critical,Warning,Generation Drop
TR-027014,SUB-027,North-East,528.75,40.1,53.11,1.84,50.0,58.49,0.88,48.75,68.73,651.4,646.89,12.36,14,100,51.1,288,11,Critical,Warning,Generation Drop
TR-008002,SUB-008,South,427.52,39.8,52.81,1.81,49.96,58.34,0.88,48.54,67.08,-738.86,381.02,11.33,14,100,50.89,236,11,Critical,Warning,Generation Drop
TR-010020,SUB-010,South,511.66,39.81,51.95,1.79,49.99,57.57,0.88,48.44,74.52,15.43,905.35,10.82,20,100,50.84,286,11,Critical,Warning,Generation Drop
TR-003008,SUB-003,North,479.15,40.02,52.55,1.8,50.01,57.53,0.88,48.7,66.83,899.12,458.46,11.58,17,100,50.79,266,11,Critical,Warning,Generation Drop
TR-014016,SUB-014,Central,507.03,39.99,52.07,1.79,50.0,57.7,0.88,48.66,67.36,-920.86,598.06,10.89,19,100,50.67,284,11,Critical,Warning,Generation Drop
TR-007003,SUB-007,West,436.68,40.15,52.86,1.84,49.98,58.15,0.88,48.37,67.53,75.83,443.57,10.76,12,100,50.55,237,11,Critical,Warning,Generation Drop
TR-015018,SUB-015,Central,450.49,39.69,52.41,1.77,50.02,57.1,0.88,48.32,68.53,-677.38,896.46,11.06,26,100,50.43,254,11,Critical,Warning,Generation Drop
TR-026009,SUB-026,South,451.09,40.04,52.56,1.81,49.99,57.91,0.88,48.6,75.35,-772.15,119.82,11.91,11,100,50.38,249,11,Critical,Warning,Generation Drop
TR-022016,SUB-022,South,470.43,40.1,52.3,1.8,49.99,57.57,0.88,48.7,72.53,1245.84,851.6,11.77,11,100,50.31,261,11,Critical,Warning,Generation Drop
TR-020019,SUB-020,East,390.56,40.05,51.78,1.79,50.0,57.61,0.88,48.27,65.87,1319.61,-264.65,10.32,12,100,49.92,218,11,Critical,Low,Generation Drop
TR-022017,SUB-022,South,440.14,39.61,51.7,1.77,50.0,57.24,0.88,48.41,68.68,42.46,80.75,10.12,13,100,49.91,249,11,Critical,Low,Generation Drop
TR-009003,SUB-009,South,468.8,40.24,52.48,1.84,50.0,57.56,0.88,48.23,69.87,708.12,395.96,11.85,6,100,49.78,255,11,Critical,Low,Generation Drop
TR-007011,SUB-007,West,464.46,40.19,51.2,1.78,50.0,56.82,0.88,48.3,65.89,-166.95,145.57,11.98,10,100,49.46,261,11,Critical,Low,Generation Drop
TR-010007,SUB-010,South,475.49,40.02,52.05,1.8,50.02,57.17,0.88,48.02,69.59,-159.22,936.59,10.94,14,100,49.44,264,11,Critical,Low,Generation Drop
TR-020010,SUB-020,East,485.22,39.88,51.72,1.76,50.0,56.83,0.88,48.37,68.38,-1258.24,411.3,11.18,13,100,49.43,276,11,Critical,Low,Generation Drop
TR-025005,SUB-025,West,471.9,40.09,52.24,1.82,49.98,57.66,0.88,48.42,69.74,1181.01,578.24,11.16,7,100,49.22,260,11,Critical,Low,Generation Drop
TR-003018,SUB-003,North,380.72,39.98,50.88,1.75,50.0,56.36,0.88,47.97,68.0,1009.35,416.81,11.22,13,100,48.98,217,11,Critical,Low,Generation Drop
TR-018017,SUB-018,North-East,466.24,40.16,51.95,1.81,49.99,56.68,0.89,47.88,63.72,1426.82,860.82,10.75,8,100,48.91,257,11,Critical,Low,Generation Drop
TR-006011,SUB-006,West,492.65,39.97,52.53,1.82,49.98,57.49,0.88,48.12,71.12,633.97,-179.97,11.7,20,100,48.88,271,11,Critical,Low,Generation Drop
TR-007004,SUB-007,West,485.19,39.79,51.72,1.78,49.99,56.98,0.88,47.85,67.67,1342.74,-234.13,10.92,13,100,48.85,272,11,Critical,Low,Generation Drop
TR-003019,SUB-003,North,556.11,40.01,52.15,1.8,49.99,56.38,0.88,47.9,65.68,619.07,1123.48,11.11,19,100,48.76,309,11,Critical,Low,Generation Drop
TR-010017,SUB-010,South,437.84,39.84,51.15,1.77,50.0,56.49,0.89,48.17,63.0,782.75,267.95,11.32,15,100,48.65,248,11,Critical,Low,Generation Drop
TR-020009,SUB-020,East,477.96,39.89,51.55,1.78,50.0,56.8,0.88,48.3,67.0,1145.2,196.06,12.13,16,100,48.55,269,11,Critical,Low,Generation Drop
TR-011010,SUB-011,East,471.76,40.02,50.82,1.75,50.0,56.37,0.88,47.92,67.86,2.02,1050.03,10.35,12,100,48.45,269,11,Critical,Low,Generation Drop
TR-010009,SUB-010,South,440.84,40.03,51.17,1.77,50.0,55.77,0.88,47.97,64.15,370.83,517.17,10.74,13,99,48.43,249,11,Critical,Low,Generation Drop
TR-001007,SUB-001,North,405.5,40.1,51.03,1.77,50.01,56.1,0.88,47.76,67.82,99.22,69.19,12.85,10,100,48.26,229,11,Critical,Low,Generation Drop
TR-028018,SUB-028,Central,519.09,39.86,51.61,1.78,49.99,56.78,0.88,47.79,69.19,-851.49,344.45,10.76,14,100,48.03,291,11,Critical,Low,Generation Drop
TR-024014,SUB-024,North,454.95,40.07,51.08,1.76,49.98,56.34,0.88,47.98,64.53,1730.83,79.0,11.45,13,98,47.91,258,11,Critical,Low,Generation Drop
TR-002009,SUB-002,North,431.1,40.0,50.23,1.74,49.98,55.63,0.88,47.79,67.53,-96.29,536.84,11.85,17,100,47.88,248,11,Critical,Low,Generation Drop
TR-012017,SUB-012,East,430.25,40.05,50.93,1.76,50.0,55.56,0.88,47.68,68.43,412.26,-71.07,10.73,9,100,47.54,244,11,Critical,Low,Generation Drop
TR-019003,SUB-019,West,417.12,40.07,51.24,1.77,50.01,56.18,0.88,47.92,68.53,1584.72,171.09,10.66,9,100,47.08,236,11,Critical,Low,Generation Drop
TR-014005,SUB-014,Central,471.95,40.17,51.24,1.79,50.0,56.14,0.88,47.88,67.5,640.1,-115.51,10.83,14,100,46.99,264,11,Critical,Low,Generation Drop
TR-022005,SUB-022,South,463.02,39.89,49.91,1.74,50.01,55.12,0.89,47.42,63.0,1575.22,768.75,9.98,12,100,46.93,266,11,Critical,Low,Generation Drop
TR-007014,SUB-007,West,486.8,40.01,50.59,1.76,50.0,55.78,0.89,47.75,66.31,-1156.88,556.63,10.67,15,100,46.89,277,11,Critical,Low,Generation Drop
TR-008014,SUB-008,South,444.64,39.91,50.69,1.76,49.99,55.69,0.89,47.71,65.11,931.38,481.68,10.62,11,100,46.83,253,11,Critical,Low,Generation Drop
TR-021007,SUB-021,West,457.87,39.94,51.11,1.76,50.01,55.89,0.88,47.87,69.0,1509.61,933.74,11.27,9,100,46.8,260,11,Critical,Low,Generation Drop
TR-004014,SUB-004,North,458.02,40.07,51.09,1.77,50.0,55.8,0.88,47.85,71.95,443.48,241.49,11.47,11,100,46.68,259,11,Critical,Low,Generation Drop
TR-017011,SUB-017,North-East,443.48,39.92,50.34,1.73,50.0,55.4,0.88,47.85,69.34,991.5,824.8,11.41,12,100,46.59,256,11,Critical,Low,Generation Drop
TR-009012,SUB-009,South,401.25,40.21,50.68,1.77,50.01,55.52,0.88,47.81,67.17,1474.34,470.52,10.44,5,100,46.45,227,11,Critical,Low,Generation Drop
TR-022014,SUB-022,South,440.66,40.21,50.48,1.76,49.99,55.55,0.89,47.74,68.77,-950.7,198.09,11.95,13,100,46.4,250,11,Critical,Low,Generation Drop
TR-001018,SUB-001,North,430.24,40.03,49.6,1.72,50.0,55.01,0.89,47.75,67.11,1745.63,836.02,10.8,16,100,46.32,250,11,Critical,Low,Generation Drop
TR-025009,SUB-025,West,453.66,40.02,50.01,1.75,50.0,55.3,0.89,47.42,69.07,1583.81,441.88,10.22,13,100,46.28,259,11,Critical,Low,Generation Drop
TR-016020,SUB-016,Central,480.65,39.8,50.27,1.74,50.0,55.38,0.89,47.52,68.19,1309.95,671.52,10.32,16,100,46.23,277,11,Critical,Low,Generation Drop
TR-015010,SUB-015,Central,459.76,40.25,50.75,1.78,50.02,55.38,0.89,47.52,76.57,-1020.22,483.23,10.06,13,100,46.17,259,11,Critical,Low,Generation Drop
TR-010006,SUB-010,South,450.79,39.88,50.31,1.74,50.01,55.09,0.89,47.44,68.28,1641.75,358.11,10.29,9,100,46.16,259,11,Critical,Low,Generation Drop
TR-006015,SUB-006,West,491.66,39.97,51.49,1.79,50.01,56.09,0.89,47.49,71.74,67.79,370.72,10.29,11,100,46.07,274,11,Critical,Low,Generation Drop
TR-005003,SUB-005,West,464.63,40.22,49.3,1.72,49.99,54.89,0.88,47.57,63.81,149.74,228.45,11.0,11,100,46.04,270,11,Critical,Low,Generation Drop
TR-005012,SUB-005,West,495.3,39.83,50.22,1.73,50.0,55.24,0.88,47.56,70.34,678.77,687.46,10.36,11,100,45.95,287,11,Critical,Low,Generation Drop
TR-011012,SUB-011,East,444.58,39.9,50.57,1.76,49.99,55.57,0.89,47.26,65.53,-436.45,927.65,10.05,8,100,45.87,253,11,Critical,Low,Generation Drop
TR-010018,SUB-010,South,426.66,40.22,49.98,1.75,50.01,54.8,0.89,47.42,65.05,1338.25,1010.47,11.26,13,100,45.66,244,11,Critical,Low,Generation Drop
TR-006002,SUB-006,West,442.79,39.96,49.8,1.74,49.99,54.8,0.89,47.27,63.78,347.05,546.94,10.52,13,100,45.55,255,11,Critical,Low,Generation Drop
TR-017003,SUB-017,North-East,459.64,39.94,50.26,1.74,50.0,54.46,0.89,47.47,66.99,825.1,116.94,11.08,13,100,45.48,264,11,Critical,Low,Generation Drop
TR-008016,SUB-008,South,403.86,40.21,50.6,1.79,50.01,55.39,0.89,47.04,69.09,885.87,296.52,9.6,4,100,45.37,226,11,Critical,Low,Generation Drop
TR-023020,SUB-023,East,433.65,39.89,49.39,1.71,50.0,54.44,0.89,47.51,66.78,955.47,706.99,10.81,14,100,45.34,254,11,Critical,Low,Generation Drop
TR-019011,SUB-019,West,461.28,40.1,49.62,1.73,50.01,54.93,0.89,47.31,68.73,896.24,315.57,9.7,10,100,45.27,267,11,Critical,Low,Generation Drop
TR-029004,SUB-029,North,430.5,40.04,49.21,1.72,49.99,54.27,0.89,47.45,66.76,958.54,157.9,10.94,14,100,45.23,250,11,Critical,Low,Generation Drop
TR-015014,SUB-015,Central,441.8,40.06,48.9,1.71,49.98,54.06,0.89,47.36,65.11,1050.53,768.35,10.57,14,100,45.21,259,11,Critical,Low,Generation Drop
TR-011013,SUB-011,East,438.94,39.99,48.82,1.69,49.99,54.14,0.89,47.34,72.27,-1035.19,450.95,10.4,9,100,45.16,259,11,Critical,Low,Generation Drop
TR-029017,SUB-029,North,478.75,39.9,49.46,1.72,49.98,54.53,0.89,47.26,71.39,-79.04,836.01,10.53,10,100,45.05,279,11,Critical,Low,Generation Drop
TR-016017,SUB-016,Central,453.58,40.0,49.04,1.71,49.98,54.28,0.89,47.13,68.13,669.5,125.94,11.42,14,100,44.85,266,11,Critical,Low,Generation Drop
TR-024004,SUB-024,North,415.28,40.22,48.55,1.71,50.0,54.04,0.89,47.39,64.51,-58.2,476.95,11.82,13,99,44.8,243,11,Critical,Low,Generation Drop
TR-024012,SUB-024,North,441.24,39.8,49.27,1.71,50.02,54.34,0.89,47.13,67.01,1335.87,125.79,10.54,13,98,44.78,258,11,Critical,Low,Generation Drop
TR-014010,SUB-014,Central,478.14,39.87,49.43,1.72,50.01,54.19,0.89,46.86,70.22,992.6,500.79,9.08,14,100,44.67,278,11,Critical,Low,Generation Drop
TR-008001,SUB-008,South,436.61,39.83,49.94,1.73,50.01,54.62,0.89,47.09,65.82,-196.0,736.03,10.23,15,100,44.65,253,11,Critical,Low,Generation Drop
TR-001008,SUB-001,North,439.8,39.67,48.76,1.69,50.01,53.71,0.89,47.05,68.11,1664.55,710.54,10.44,13,100,44.64,261,11,Critical,Low,Generation Drop
TR-022012,SUB-022,South,417.78,40.06,47.79,1.67,50.0,52.85,0.89,47.25,76.46,-1203.72,504.68,10.59,11,100,44.59,250,11,Critical,Low,Generation Drop
TR-020014,SUB-020,East,443.88,40.18,48.94,1.71,50.0,53.69,0.89,47.27,72.0,1334.5,618.37,11.02,21,100,44.57,259,11,Critical,Low,Generation Drop
TR-011007,SUB-011,East,480.9,40.1,48.85,1.71,50.0,53.51,0.89,47.29,67.2,2046.88,461.97,10.22,14,100,44.45,282,11,Critical,Low,Generation Drop
TR-002019,SUB-002,North,452.34,40.13,49.29,1.72,49.98,54.26,0.89,47.19,73.02,1332.52,795.43,9.66,8,100,44.45,263,11,Critical,Low,Generation Drop
TR-022011,SUB-022,South,413.37,40.08,49.08,1.73,49.99,54.02,0.89,46.93,64.33,-1100.39,309.88,10.59,8,100,44.44,239,11,Critical,Low,Generation Drop
TR-015005,SUB-015,Central,433.41,40.09,49.28,1.73,50.0,54.17,0.89,46.91,69.26,637.23,715.86,9.45,1,100,44.38,250,11,Critical,Low,Generation Drop
TR-020002,SUB-020,East,406.3,40.22,47.85,1.67,49.99,53.09,0.88,47.4,70.97,657.83,709.48,9.65,11,100,44.35,244,11,Critical,Low,Generation Drop
TR-007020,SUB-007,West,403.84,40.21,48.48,1.7,50.03,53.47,0.89,47.15,65.35,656.72,402.15,10.34,10,100,44.34,238,11,Critical,Low,Generation Drop
TR-009006,SUB-009,South,438.79,40.1,48.47,1.69,50.02,53.46,0.89,47.1,68.12,847.33,86.31,10.61,13,100,44.28,259,11,Critical,Low,Generation Drop
TR-015002,SUB-015,Central,458.08,40.06,48.63,1.72,50.01,53.67,0.9,46.99,67.58,77.96,457.54,10.38,11,100,44.27,267,11,Critical,Low,Generation Drop
TR-027017,SUB-027,North-East,367.98,40.02,49.66,1.73,50.0,54.23,0.89,47.0,65.74,1031.36,397.37,10.72,9,100,44.24,213,11,Critical,Low,Generation Drop
TR-026002,SUB-026,South,474.74,39.8,49.21,1.71,50.0,53.96,0.89,47.17,67.47,533.69,731.33,10.76,14,100,44.23,277,11,Critical,Low,Generation Drop
TR-013005,SUB-013,East,388.07,40.03,48.11,1.68,49.98,53.79,0.89,47.18,73.78,26.16,615.93,10.39,11,100,44.15,231,11,Critical,Low,Generation Drop
TR-006005,SUB-006,West,425.29,40.0,48.71,1.72,50.01,53.87,0.9,46.73,70.49,342.39,263.13,10.44,12,100,44.11,247,11,Critical,Low,Generation Drop
TR-004001,SUB-004,North,444.87,40.26,48.65,1.7,50.0,53.46,0.89,46.78,67.11,1788.61,472.33,10.19,14,98,43.87,261,11,Critical,Low,Generation Drop
TR-005002,SUB-005,West,430.07,39.82,48.8,1.69,49.99,53.07,0.89,46.85,74.01,1468.17,157.5,11.13,11,100,43.63,255,11,Critical,Low,Generation Drop
TR-003006,SUB-003,North,378.61,39.89,48.38,1.68,50.0,53.08,0.89,46.91,68.9,-602.41,627.81,10.92,11,100,43.62,226,11,Critical,Low,Generation Drop
TR-013009,SUB-013,East,449.55,39.76,49.31,1.71,50.0,53.91,0.89,46.74,69.88,-734.77,125.88,10.0,11,100,43.43,263,11,Critical,Low,Generation Drop
TR-016014,SUB-016,Central,418.33,40.03,48.11,1.69,50.0,52.75,0.89,46.88,64.62,-692.07,506.91,9.98,10,97,43.4,247,11,Critical,Low,Generation Drop
TR-028017,SUB-028,Central,477.03,40.1,48.54,1.71,49.99,53.15,0.89,46.69,68.06,1110.03,-13.95,9.65,13,100,43.33,279,11,Critical,Low,Generation Drop
TR-010011,SUB-010,South,415.89,39.68,48.14,1.66,50.0,53.01,0.89,46.65,68.76,-454.31,791.85,9.52,13,100,43.15,250,11,Critical,Low,Generation Drop
TR-007009,SUB-007,West,472.31,40.05,47.81,1.67,49.99,52.61,0.89,46.78,67.97,1827.65,295.96,9.5,10,100,43.12,282,11,Critical,Low,Generation Drop
TR-002008,SUB-002,North,479.17,39.92,47.95,1.68,50.01,52.78,0.9,46.55,66.21,908.22,266.4,9.89,12,100,43.05,285,11,Critical,Low,Generation Drop
TR-024013,SUB-024,North,468.6,40.07,47.84,1.69,49.99,52.96,0.9,46.43,63.0,1061.75,312.89,10.13,15,97,42.96,278,11,Critical,Low,Generation Drop
TR-027010,SUB-027,North-East,433.06,39.89,48.51,1.7,50.01,53.07,0.89,46.78,71.66,136.82,598.96,9.68,9,100,42.87,255,11,Critical,Low,Generation Drop
TR-025004,SUB-025,West,467.7,39.95,48.24,1.67,49.99,52.74,0.89,46.75,71.17,2074.72,792.57,9.87,11,100,42.84,280,11,Critical,Low,Generation Drop
TR-008017,SUB-008,South,460.46,39.99,48.37,1.71,49.98,52.92,0.9,46.45,63.83,-698.37,285.97,9.73,6,100,42.8,270,11,Critical,Low,Generation Drop
TR-005009,SUB-005,West,442.0,40.15,47.43,1.68,50.0,52.31,0.9,46.44,64.54,367.12,544.38,9.31,11,100,42.53,263,11,Critical,Low,Generation Drop
TR-005015,SUB-005,West,442.69,40.06,48.13,1.68,50.0,53.15,0.89,46.79,71.63,-55.21,1193.04,10.24,10,100,42.5,264,11,Critical,Low,Generation Drop
TR-008008,SUB-008,South,446.27,40.17,47.62,1.68,49.99,52.59,0.89,46.53,63.99,277.47,848.66,10.36,10,100,42.35,266,11,Critical,Low,Generation Drop
TR-015006,SUB-015,Central,491.18,39.92,47.18,1.65,50.0,52.12,0.9,46.38,65.94,-804.01,-152.32,10.82,11,98,42.29,297,11,Critical,Low,Generation Drop
TR-020012,SUB-020,East,480.1,39.98,47.44,1.65,50.01,52.21,0.89,46.72,72.59,539.59,711.23,10.3,14,100,42.22,291,11,Critical,Low,Generation Drop
TR-013011,SUB-013,East,433.44,40.13,47.41,1.66,49.99,52.44,0.89,46.63,68.47,1022.18,-328.1,9.61,8,100,42.2,261,11,Critical,Low,Generation Drop
TR-001017,SUB-001,North,448.02,39.88,47.32,1.67,49.99,52.51,0.9,46.22,63.0,770.36,485.45,9.16,9,100,42.13,269,11,Critical,Low,Generation Drop
TR-018004,SUB-018,North-East,436.27,39.93,47.45,1.65,49.99,51.65,0.89,46.52,66.2,949.22,491.48,9.8,8,100,42.11,264,11,Critical,Low,Generation Drop
TR-025012,SUB-025,West,450.41,39.73,47.27,1.63,50.01,52.25,0.89,46.38,67.47,186.04,979.04,9.33,8,100,42.0,276,11,Critical,Low,Generation Drop
TR-011009,SUB-011,East,475.69,40.08,47.79,1.7,49.99,52.05,0.9,46.39,66.28,579.69,654.88,9.53,9,100,41.95,280,11,Critical,Low,Generation Drop
TR-011019,SUB-011,East,473.62,39.83,46.33,1.63,50.0,51.22,0.9,46.23,63.0,-578.17,941.21,9.16,12,100,41.94,291,11,Critical,Low,Generation Drop
TR-023018,SUB-023,East,428.22,39.98,46.92,1.63,50.01,51.43,0.89,46.66,66.36,1078.19,562.62,10.21,13,100,41.82,263,11,Critical,Low,Generation Drop
TR-009005,SUB-009,South,379.88,40.18,47.52,1.67,50.0,51.93,0.9,46.35,68.01,-967.04,630.77,9.55,13,100,41.7,227,11,Critical,Low,Generation Drop
TR-004007,SUB-004,North,488.06,39.76,47.15,1.65,50.01,51.9,0.9,46.55,71.75,-1042.28,534.88,9.53,12,100,41.69,296,11,Critical,Low,Generation Drop
TR-018009,SUB-018,North-East,436.92,40.03,47.98,1.7,50.0,52.16,0.9,46.12,68.39,232.35,1064.57,9.71,14,100,41.68,257,11,Critical,Low,Generation Drop
TR-010013,SUB-010,South,451.51,39.96,47.53,1.67,50.01,52.48,0.9,46.16,70.66,493.62,399.38,8.6,8,100,41.61,271,11,Critical,Low,Generation Drop
TR-017006,SUB-017,North-East,422.14,39.89,46.49,1.63,49.99,51.56,0.9,46.14,72.29,100.18,206.18,9.39,10,100,41.57,259,11,Critical,Low,Generation Drop
TR-013003,SUB-013,East,446.04,39.81,46.2,1.62,49.99,51.31,0.9,46.18,65.69,877.3,586.84,10.11,16,100,41.48,275,11,Critical,Low,Generation Drop
TR-012005,SUB-012,East,462.62,39.98,46.76,1.66,50.01,51.78,0.9,46.01,68.86,1570.15,1009.07,9.15,6,100,41.38,279,11,Critical,Low,Generation Drop
TR-010014,SUB-010,South,425.6,39.94,47.27,1.67,49.99,51.61,0.9,46.02,66.11,1028.54,663.62,9.71,7,100,41.21,255,11,Critical,Low,Generation Drop
TR-016019,SUB-016,Central,399.0,40.01,46.47,1.65,49.99,51.7,0.9,45.83,63.0,-120.56,721.9,9.11,8,100,41.16,242,11,Critical,Low,Generation Drop
TR-014015,SUB-014,Central,482.68,39.92,46.37,1.63,49.99,51.38,0.9,46.07,66.75,179.54,382.8,9.38,7,100,41.04,296,11,Critical,Low,Generation Drop
TR-006006,SUB-006,West,408.61,40.01,46.09,1.63,50.0,50.8,0.9,46.16,66.57,2280.92,-215.81,10.23,11,100,40.96,250,11,Critical,Low,Generation Drop
TR-017019,SUB-017,North-East,444.71,40.03,47.5,1.68,49.99,52.03,0.9,45.97,63.44,1395.61,552.5,9.42,8,98,40.87,264,11,Critical,Low,Generation Drop
TR-018002,SUB-018,North-East,405.08,39.83,46.75,1.65,50.0,51.17,0.9,46.01,69.33,1422.3,69.2,9.3,12,100,40.83,246,11,Critical,Low,Generation Drop
TR-022006,SUB-022,South,450.65,40.14,46.67,1.64,50.03,51.61,0.9,45.94,63.19,854.61,415.9,9.81,10,100,40.75,274,11,Critical,Low,Generation Drop
TR-012016,SUB-012,East,421.68,40.21,46.13,1.63,50.0,50.62,0.9,46.08,72.24,-365.27,1030.74,9.66,10,100,40.73,258,11,Critical,Low,Generation Drop
TR-009007,SUB-009,South,404.12,40.11,46.66,1.64,49.98,51.15,0.9,46.0,69.54,1718.37,-468.9,8.65,11,100,40.71,246,11,Critical,Low,Generation Drop
TR-019017,SUB-019,West,424.34,40.12,46.63,1.66,50.0,51.21,0.9,46.1,67.86,1204.96,309.08,9.61,6,100,40.62,256,11,Critical,Low,Generation Drop
TR-025019,SUB-025,West,446.04,39.94,45.78,1.61,50.0,50.39,0.9,46.34,69.68,29.29,743.21,10.27,11,100,40.51,277,11,Critical,Low,Generation Drop
TR-010002,SUB-010,South,441.97,39.9,46.62,1.64,50.0,51.45,0.9,45.72,63.91,1363.4,566.81,8.67,6,100,40.41,269,11,Critical,Low,Generation Drop
TR-026001,SUB-026,South,435.76,39.92,46.54,1.64,50.01,50.98,0.9,46.11,63.19,-522.08,726.1,9.12,11,100,40.4,265,11,Critical,Low,Generation Drop
TR-013018,SUB-013,East,423.14,40.08,46.18,1.63,49.99,50.91,0.9,45.93,66.62,-52.53,171.47,9.57,8,100,40.35,260,11,Critical,Low,Generation Drop
TR-025011,SUB-025,West,417.14,40.13,46.65,1.66,50.01,50.86,0.9,45.92,64.35,698.21,554.01,9.33,7,100,40.27,252,11,Critical,Low,Generation Drop
TR-005013,SUB-005,West,433.66,39.89,46.91,1.64,50.02,51.23,0.9,45.85,64.68,-1026.77,1468.42,9.39,11,100,40.27,264,11,Critical,Low,Generation Drop
TR-004002,SUB-004,North,454.64,40.06,46.25,1.64,50.0,50.99,0.9,45.81,69.37,539.94,576.53,9.34,10,100,40.26,278,11,Critical,Low,Generation Drop
TR-027020,SUB-027,North-East,417.01,40.06,46.58,1.64,50.0,50.54,0.9,45.87,64.07,350.1,378.24,9.59,7,100,39.92,254,11,Critical,Low,Generation Drop
TR-027012,SUB-027,North-East,395.08,40.07,45.15,1.59,50.0,50.28,0.9,45.74,63.0,600.69,324.62,9.2,9,100,39.89,248,11,Critical,Low,Generation Drop
TR-010015,SUB-010,South,440.92,40.13,46.59,1.65,49.99,50.87,0.9,45.62,63.0,249.89,589.18,9.01,12,100,39.75,267,11,Critical,Low,Generation Drop
TR-024001,SUB-024,North,448.11,40.16,45.83,1.63,50.0,50.44,0.9,45.82,67.09,-556.85,1022.88,9.37,7,99,39.67,275,11,Critical,Low,Generation Drop
TR-004016,SUB-004,North,410.23,39.93,46.23,1.63,50.0,50.48,0.9,45.69,67.45,878.17,310.43,9.82,10,100,39.65,252,11,Critical,Low,Generation Drop
TR-009004,SUB-009,South,435.05,40.13,44.71,1.56,50.0,49.55,0.9,46.02,66.13,-3.92,652.44,10.21,10,100,39.52,278,11,Critical,Low,Generation Drop
TR-011018,SUB-011,East,434.34,39.87,46.35,1.63,50.0,50.89,0.9,46.19,75.26,309.04,486.13,10.21,8,99,39.49,267,11,Critical,Low,Generation Drop
TR-018012,SUB-018,North-East,410.2,40.04,45.57,1.61,50.0,50.14,0.9,45.63,67.7,1682.72,141.86,8.91,9,100,39.38,255,11,Critical,Low,Generation Drop
TR-025014,SUB-025,West,451.63,40.04,47.12,1.67,50.01,51.79,0.9,45.87,71.29,-1985.85,387.31,8.96,10,99,39.19,270,11,Critical,Low,Generation Drop
TR-022007,SUB-022,South,379.81,39.93,44.87,1.58,49.99,50.05,0.9,45.58,70.44,222.31,-104.88,10.47,7,100,38.83,241,11,Critical,Low,Generation Drop
TR-009009,SUB-009,South,425.72,40.1,45.41,1.61,50.01,49.63,0.9,45.82,67.76,-477.84,606.53,9.68,10,100,38.72,264,10,Critical,Low,Generation Drop
TR-001014,SUB-001,North,408.09,39.94,46.59,1.65,49.98,51.17,0.9,45.63,68.38,-465.07,284.24,8.75,9,99,38.72,247,11,Critical,Low,Generation Drop
TR-026007,SUB-026,South,440.09,40.0,44.99,1.6,49.99,49.11,0.91,45.68,65.13,-460.74,369.16,9.48,8,96,38.51,275,11,Critical,Low,Generation Drop
TR-006016,SUB-006,West,422.49,39.96,44.71,1.59,50.01,49.19,0.91,45.4,66.32,1284.4,521.78,9.28,6,98,38.2,265,11,Critical,Low,Generation Drop
TR-015003,SUB-015,Central,406.15,40.07,45.99,1.63,50.0,50.28,0.9,45.53,68.14,-547.85,954.95,10.17,9,99,38.16,249,11,Critical,Low,Generation Drop
TR-002005,SUB-002,North,354.47,39.98,45.48,1.61,49.99,49.91,0.9,45.59,63.0,1347.5,426.18,9.61,8,96,38.13,220,11,Critical,Low,Generation Drop
TR-001012,SUB-001,North,397.34,40.03,46.01,1.62,50.01,50.63,0.9,45.66,69.36,1614.5,627.37,8.38,7,99,38.04,245,11,Critical,Low,Generation Drop
TR-020001,SUB-020,East,411.46,40.19,44.63,1.59,50.01,49.42,0.9,45.13,65.54,-18.24,311.07,8.9,5,98,37.93,258,11,Critical,Low,Generation Drop
TR-005011,SUB-005,West,433.46,39.92,43.82,1.55,50.0,48.92,0.9,45.28,63.0,755.42,537.9,8.95,10,99,37.86,279,11,Critical,Low,Generation Drop
TR-016018,SUB-016,Central,416.9,40.0,44.83,1.59,50.01,49.44,0.9,45.53,65.41,523.16,289.82,9.32,10,99,37.75,262,11,Critical,Low,Generation Drop
TR-023008,SUB-023,East,453.58,40.03,46.09,1.64,50.01,50.61,0.9,45.25,67.86,571.62,-265.22,8.69,5,96,37.58,277,11,Critical,Low,Generation Drop
TR-003017,SUB-003,North,370.49,40.11,44.79,1.59,50.01,49.12,0.9,45.47,72.06,-216.59,501.99,8.58,8,100,37.54,233,11,Critical,Low,Generation Drop
TR-009019,SUB-009,South,414.68,39.8,44.92,1.59,50.0,49.57,0.91,45.47,63.0,680.91,-42.02,9.17,6,99,37.47,261,11,Critical,Low,Generation Drop
TR-009013,SUB-009,South,402.26,40.02,44.79,1.6,49.99,49.56,0.91,45.48,68.07,-489.99,167.25,8.85,6,98,37.16,251,11,Critical,Low,Generation Drop
TR-026011,SUB-026,South,386.89,40.0,44.44,1.59,50.0,48.93,0.91,45.01,63.0,12.12,549.0,8.82,3,87,36.98,244,11,Critical,Low,Generation Drop
TR-001010,SUB-001,North,380.51,39.85,44.93,1.59,50.01,48.98,0.9,45.27,71.65,-109.27,-7.66,8.72,6,99,36.97,240,11,Critical,Low,Generation Drop
TR-013006,SUB-013,East,393.39,40.15,43.58,1.57,50.02,48.43,0.91,44.92,67.09,-362.43,878.31,8.94,5,100,36.78,251,11,Critical,Low,Generation Drop
TR-009002,SUB-009,South,407.8,40.11,44.3,1.57,50.0,49.49,0.9,45.16,70.14,378.13,446.7,9.06,6,99,36.76,259,11,Critical,Low,Generation Drop
TR-015015,SUB-015,Central,406.25,40.06,44.46,1.59,50.0,48.98,0.91,45.05,63.0,227.93,283.63,8.63,3,88,36.68,256,11,Critical,Low,Generation Drop
TR-007012,SUB-007,West,398.31,40.26,45.42,1.63,50.0,49.23,0.91,45.06,66.51,1525.01,262.8,8.22,8,99,36.66,244,11,Critical,Low,Generation Drop
TR-009008,SUB-009,South,404.15,40.01,44.08,1.58,50.0,49.03,0.91,45.01,63.66,-530.04,52.57,8.64,6,98,36.5,256,11,Critical,Low,Generation Drop
TR-028003,SUB-028,Central,393.55,39.8,44.56,1.57,49.98,48.84,0.9,45.07,70.82,-559.14,343.55,8.56,7,97,36.2,251,11,Critical,Low,Generation Drop
TR-008007,SUB-008,South,372.31,39.9,44.03,1.56,50.01,48.73,0.91,44.89,63.0,367.95,497.7,7.95,8,97,36.16,239,11,Critical,Low,Generation Drop
TR-021005,SUB-021,West,369.51,40.04,44.4,1.58,50.01,48.55,0.91,44.93,63.0,749.07,546.9,8.84,4,91,36.16,234,11,Critical,Low,Generation Drop
TR-007013,SUB-007,West,375.47,40.19,43.21,1.55,50.0,48.18,0.91,45.08,69.16,466.9,503.46,9.63,8,99,36.03,242,11,Critical,Low,Generation Drop
TR-006009,SUB-006,West,350.98,40.03,44.17,1.57,49.99,48.47,0.9,45.08,63.0,1898.1,151.04,8.12,6,98,35.96,224,11,Critical,Low,Generation Drop
TR-014008,SUB-014,Central,382.12,39.96,44.09,1.57,50.01,48.23,0.91,45.28,68.98,537.01,246.44,8.44,6,99,35.86,244,11,Critical,Low,Generation Drop
TR-004018,SUB-004,North,382.85,40.12,43.62,1.56,49.99,48.08,0.91,45.08,73.9,100.39,309.69,9.48,12,99,35.8,246,11,Critical,Low,Generation Drop
TR-002016,SUB-002,North,376.52,40.13,44.14,1.58,49.99,48.43,0.91,45.11,65.18,2253.5,498.45,8.74,8,99,35.74,238,11,Critical,Low,Generation Drop
TR-029005,SUB-029,North,386.82,39.89,43.38,1.54,50.0,47.6,0.91,45.14,63.0,1358.76,908.14,7.81,7,98,35.56,251,11,Critical,Low,Generation Drop
TR-017020,SUB-017,North-East,412.54,40.13,43.03,1.55,50.0,47.99,0.91,45.01,65.66,1560.38,77.08,8.85,9,99,35.54,267,11,Critical,Low,Generation Drop
TR-006010,SUB-006,West,421.68,39.81,43.14,1.53,50.0,47.62,0.91,45.05,70.28,1210.07,171.28,8.51,6,99,35.4,275,11,Critical,Low,Generation Drop
TR-004013,SUB-004,North,435.41,40.0,43.48,1.55,50.0,48.22,0.91,44.98,70.93,138.85,728.75,8.71,6,99,35.38,281,11,Critical,Low,Generation Drop
TR-026006,SUB-026,South,428.48,40.07,43.85,1.58,50.0,48.49,0.91,44.81,64.51,-1196.41,800.21,8.28,4,99,35.32,272,11,Critical,Low,Generation Drop
TR-022001,SUB-022,South,395.19,39.94,44.19,1.57,50.0,48.29,0.91,44.7,69.36,1101.11,562.54,8.46,7,99,35.24,251,11,Critical,Low,Generation Drop
TR-019012,SUB-019,West,379.76,40.2,44.01,1.58,50.0,48.0,0.91,45.07,63.0,369.28,649.72,9.83,3,99,35.24,241,11,Critical,Low,Generation Drop
TR-002002,SUB-002,North,402.68,40.04,43.56,1.54,50.01,48.09,0.9,44.98,63.0,695.5,355.94,8.56,4,99,35.17,261,11,Critical,Low,Generation Drop
TR-027001,SUB-027,North-East,386.34,39.87,43.57,1.55,50.01,47.98,0.91,44.67,66.52,-120.95,347.68,8.17,9,97,35.01,249,11,Critical,Low,Generation Drop
TR-026017,SUB-026,South,403.75,40.17,43.04,1.55,50.0,47.6,0.91,44.88,63.0,-280.52,120.04,8.43,6,89,34.99,261,11,Critical,Low,Generation Drop
TR-003007,SUB-003,North,405.19,40.01,43.13,1.53,50.01,47.29,0.91,44.94,64.03,274.73,22.95,8.52,10,99,34.92,264,11,Critical,Low,Generation Drop
TR-002017,SUB-002,North,403.57,39.98,43.61,1.56,49.99,48.09,0.91,44.84,68.72,-1007.14,298.72,8.44,7,99,34.92,259,11,Critical,Low,Generation Drop
TR-021014,SUB-021,West,412.62,39.94,43.25,1.55,50.01,47.91,0.91,44.65,64.25,-589.04,51.95,8.49,10,99,34.89,267,11,Critical,Low,Generation Drop
TR-001011,SUB-001,North,384.21,39.95,43.13,1.54,49.99,47.87,0.91,44.79,63.6,1403.0,218.58,8.74,4,95,34.69,249,11,Critical,Low,Generation Drop
TR-002015,SUB-002,North,389.48,40.25,43.26,1.55,50.0,47.35,0.91,44.72,68.99,1644.29,168.3,9.57,9,99,34.6,251,11,Critical,Low,Generation Drop
TR-008003,SUB-008,South,401.0,39.87,42.21,1.51,50.01,46.86,0.91,44.72,63.0,-1418.51,90.91,9.12,11,98,34.42,266,11,Critical,Low,Generation Drop
TR-007007,SUB-007,West,380.7,40.1,43.09,1.55,49.99,47.46,0.91,44.68,66.61,813.66,962.65,8.14,2,92,34.19,245,11,Critical,Low,Generation Drop
TR-017004,SUB-017,North-East,383.33,39.99,42.77,1.53,50.0,47.2,0.91,44.33,63.0,457.93,-146.88,8.35,5,90,34.17,250,11,Critical,Low,Generation Drop
TR-028001,SUB-028,Central,366.81,40.13,42.2,1.5,49.99,46.89,0.91,44.67,66.99,-147.29,163.39,7.92,7,99,34.12,244,11,Critical,Low,Generation Drop
TR-008020,SUB-008,South,389.66,40.01,42.71,1.53,50.01,47.14,0.91,44.52,64.7,-221.37,445.05,7.96,7,98,34.08,255,11,Critical,Low,Generation Drop
TR-008006,SUB-008,South,365.45,40.14,42.36,1.52,49.99,46.57,0.91,44.63,67.2,536.41,546.2,8.34,10,99,33.82,241,10,Critical,Low,Generation Drop
TR-001006,SUB-001,North,394.17,40.1,42.99,1.55,50.01,47.18,0.91,44.66,68.59,-179.46,663.66,9.11,2,90,33.64,255,11,Critical,Low,Generation Drop
TR-006007,SUB-006,West,390.05,40.02,43.04,1.54,50.0,46.91,0.91,44.49,68.63,1529.59,501.12,7.81,8,99,33.46,253,11,Critical,Low,Generation Drop
TR-011011,SUB-011,East,337.68,39.97,42.3,1.52,50.0,46.59,0.91,44.4,64.67,218.42,332.46,7.0,4,98,33.45,222,11,Critical,Low,Generation Drop
TR-003020,SUB-003,North,427.06,40.05,42.61,1.53,50.01,46.61,0.91,44.27,63.0,712.26,548.94,8.09,7,99,33.16,279,11,Critical,Low,Generation Drop
TR-014017,SUB-014,Central,386.1,39.97,42.39,1.52,50.0,46.23,0.91,44.44,63.0,1846.31,461.69,8.5,3,96,33.09,254,11,Critical,Low,Generation Drop
TR-016012,SUB-016,Central,385.46,39.68,42.3,1.51,50.0,46.61,0.91,44.29,62.07,126.96,-323.7,8.12,3,95,33.09,256,11,Critical,Low,Generation Drop
TR-007002,SUB-007,West,421.88,40.04,41.75,1.5,50.0,46.0,0.91,44.27,65.0,1202.61,723.81,8.09,4,99,33.02,281,11,Critical,Low,Generation Drop
TR-012008,SUB-012,East,372.41,40.01,42.23,1.5,49.99,46.32,0.91,44.34,68.07,167.31,843.53,8.23,6,99,32.9,248,11,Critical,Low,Generation Drop
TR-012001,SUB-012,East,406.77,39.94,42.17,1.51,49.99,46.65,0.91,44.25,77.48,-187.21,405.84,8.03,4,99,32.85,270,10,Critical,Low,Generation Drop
TR-029011,SUB-029,North,399.51,39.98,42.25,1.51,50.01,46.05,0.91,44.37,66.33,690.47,909.33,8.68,5,99,32.83,265,11,Critical,Low,Generation Drop
TR-008018,SUB-008,South,330.68,39.89,42.13,1.51,49.99,46.09,0.91,44.25,64.47,405.82,412.99,8.26,3,99,32.82,219,11,Critical,Low,Generation Drop
TR-020013,SUB-020,East,389.2,39.78,41.26,1.47,50.01,45.87,0.91,44.11,67.03,-380.24,76.43,8.07,5,98,32.63,264,11,Critical,Low,Generation Drop
TR-022002,SUB-022,South,378.27,39.85,42.04,1.5,49.99,45.66,0.91,44.21,63.0,652.7,-30.94,8.45,5,95,32.63,252,11,Critical,Low,Generation Drop
TR-018007,SUB-018,North-East,345.66,40.14,41.68,1.5,50.0,45.67,0.91,44.53,67.56,197.65,619.51,8.27,3,92,32.62,230,11,Critical,Low,Generation Drop
TR-027019,SUB-027,North-East,377.52,39.94,40.98,1.48,49.98,45.9,0.92,44.07,63.0,-221.14,798.68,7.64,4,85,32.55,255,11,Critical,Low,Generation Drop
TR-023019,SUB-023,East,368.25,40.09,40.73,1.47,50.0,45.69,0.91,44.2,66.61,270.02,204.84,7.52,2,98,32.44,250,11,Critical,Low,Generation Drop
TR-022019,SUB-022,South,356.31,40.11,41.06,1.48,49.99,45.03,0.91,44.16,63.0,1123.95,1392.73,7.69,4,93,32.38,240,11,Critical,Low,Generation Drop
TR-021002,SUB-021,West,387.92,39.85,41.59,1.49,49.99,45.64,0.92,44.01,63.0,991.03,654.95,8.03,3,91,32.26,260,10,Critical,Low,Generation Drop
TR-025001,SUB-025,West,408.93,40.05,41.19,1.48,50.01,45.36,0.91,44.06,64.53,-473.42,837.76,8.32,4,96,32.02,276,11,Critical,Low,Generation Drop
TR-014001,SUB-014,Central,382.01,40.03,41.36,1.48,50.0,45.19,0.91,44.11,68.99,1079.79,787.24,7.66,7,99,31.88,258,11,Critical,Low,Generation Drop
TR-021006,SUB-021,West,395.39,40.16,41.06,1.48,50.0,45.74,0.91,43.87,63.0,584.95,221.23,7.48,3,99,31.8,268,11,Critical,Low,Generation Drop
TR-010016,SUB-010,South,381.51,40.19,41.91,1.52,50.02,45.53,0.92,44.04,67.91,929.91,165.0,8.2,6,99,31.75,251,11,Critical,Low,Generation Drop
TR-013020,SUB-013,East,352.96,39.99,41.16,1.47,50.0,45.76,0.91,44.35,67.54,480.82,170.62,7.9,5,98,31.6,240,11,Critical,Low,Generation Drop
TR-014011,SUB-014,Central,411.22,39.9,40.89,1.47,49.99,44.93,0.92,43.92,63.0,994.91,-166.26,8.04,7,93,31.52,280,11,Critical,Low,Generation Drop
TR-002010,SUB-002,North,394.89,39.79,41.23,1.48,49.99,44.74,0.92,43.75,65.57,740.66,708.09,8.04,9,99,31.43,267,11,Critical,Low,Generation Drop
TR-001001,SUB-001,North,371.13,39.93,40.55,1.47,50.0,44.66,0.92,43.83,63.0,2009.1,506.38,7.28,8,95,31.4,252,11,Critical,Low,Generation Drop
TR-012014,SUB-012,East,349.79,40.0,40.03,1.44,50.01,45.11,0.92,43.77,68.3,-377.12,19.74,7.83,3,97,31.37,243,11,Critical,Low,Generation Drop
TR-019019,SUB-019,West,366.73,40.1,40.67,1.48,50.0,45.02,0.92,43.74,65.45,-1103.1,253.91,7.75,8,99,31.16,248,11,Critical,Low,Generation Drop
TR-026019,SUB-026,South,399.95,40.14,41.09,1.49,50.01,45.95,0.92,43.96,67.04,936.64,568.74,8.07,5,97,31.15,268,11,Critical,Low,Generation Drop
TR-029003,SUB-029,North,358.24,40.11,40.78,1.48,50.0,45.16,0.92,43.54,63.0,572.54,425.41,7.11,7,97,31.08,242,11,Critical,Low,Generation Drop
TR-016015,SUB-016,Central,376.46,40.0,40.26,1.45,49.99,44.23,0.92,43.84,63.0,53.87,-490.87,7.91,9,99,31.0,260,11,Critical,Low,Generation Drop
TR-010004,SUB-010,South,384.55,39.91,40.15,1.43,50.0,44.93,0.91,43.82,65.72,475.64,158.43,7.81,3,99,30.99,268,11,Critical,Low,Generation Drop
TR-022009,SUB-022,South,370.65,39.91,40.92,1.47,50.01,45.76,0.92,43.87,63.13,1070.0,-102.94,7.44,8,96,30.92,252,11,Critical,Low,Generation Drop
TR-028014,SUB-028,Central,359.67,40.03,40.33,1.46,50.01,44.65,0.92,43.75,63.0,37.87,56.69,6.83,4,98,30.89,246,11,Critical,Low,Generation Drop
TR-024020,SUB-024,North,391.88,39.98,41.73,1.51,50.0,45.77,0.92,44.01,60.45,-450.98,-412.8,7.85,2,88,30.87,260,11,Critical,Low,Generation Drop
TR-010019,SUB-010,South,389.58,40.01,40.79,1.47,50.0,44.55,0.92,43.67,63.83,1420.71,461.24,8.57,6,99,30.82,265,11,Critical,Low,Generation Drop
TR-027004,SUB-027,North-East,368.74,39.97,40.12,1.43,50.0,43.99,0.91,43.94,66.14,1607.66,257.12,8.5,7,99,30.81,257,11,Critical,Low,Generation Drop
TR-024018,SUB-024,North,338.94,39.93,40.27,1.45,50.0,44.52,0.92,43.64,68.18,459.26,225.53,8.15,5,99,30.57,234,11,Critical,Low,Generation Drop
TR-012011,SUB-012,East,371.69,39.98,41.83,1.51,50.01,45.75,0.92,43.87,67.46,1202.8,-204.04,8.35,3,94,30.54,246,11,Critical,Low,Generation Drop
TR-014007,SUB-014,Central,374.64,39.94,41.29,1.49,50.0,45.64,0.92,43.68,63.0,-790.42,224.64,7.73,2,87,30.49,251,11,Critical,Low,Generation Drop
TR-026003,SUB-026,South,407.81,40.06,41.25,1.5,50.01,45.39,0.92,43.73,63.0,1620.71,531.81,8.2,6,98,30.43,272,11,Critical,Low,Generation Drop
TR-022020,SUB-022,South,393.49,40.09,41.65,1.52,50.01,45.93,0.92,43.78,63.0,-18.12,768.62,8.35,3,86,30.19,259,11,Critical,Low,Generation Drop
TR-027011,SUB-027,North-East,384.2,40.12,40.12,1.45,49.99,44.02,0.92,43.53,63.0,635.62,284.09,8.19,4,97,30.12,265,11,Critical,Low,Generation Drop
TR-012002,SUB-012,East,350.66,40.18,40.97,1.49,50.01,45.03,0.92,43.84,64.09,64.65,244.9,7.87,4,96,30.04,236,11,Critical,Low,Generation Drop
TR-010001,SUB-010,South,392.38,40.01,40.44,1.46,50.0,44.27,0.92,43.46,65.67,157.58,584.59,7.82,5,99,29.74,268,11,Critical,Normal,Generation Drop
TR-013008,SUB-013,East,436.26,40.23,40.23,1.46,49.99,44.52,0.92,43.93,68.79,-1571.62,293.39,7.82,5,98,29.7,299,11,Critical,Normal,Generation Drop
TR-002020,SUB-002,North,371.48,40.07,39.73,1.44,50.0,43.2,0.92,43.4,64.81,676.59,309.94,7.51,3,99,29.57,258,11,Critical,Normal,Generation Drop
TR-016007,SUB-016,Central,357.32,39.98,40.22,1.45,50.01,44.22,0.92,43.65,63.0,-298.71,835.79,8.2,4,87,29.48,246,10,Critical,Normal,Generation Drop
TR-020003,SUB-020,East,389.7,39.84,40.37,1.46,50.0,44.26,0.92,43.69,68.3,-345.53,845.97,7.72,4,97,29.44,267,11,Critical,Normal,Generation Drop
TR-019018,SUB-019,West,371.61,40.13,39.54,1.43,49.99,43.28,0.92,43.35,68.61,-4.31,657.85,7.81,4,99,29.34,260,11,Critical,Normal,Generation Drop
TR-006012,SUB-006,West,301.84,40.12,38.83,1.4,50.0,43.51,0.92,43.56,70.75,409.33,380.86,7.0,4,99,29.28,216,11,Critical,Normal,Generation Drop
TR-021009,SUB-021,West,361.45,40.03,40.81,1.48,50.01,44.66,0.92,43.47,63.0,786.92,656.65,7.81,5,94,29.01,244,11,Critical,Normal,Generation Drop
TR-012004,SUB-012,East,356.14,39.95,40.28,1.45,49.98,43.99,0.92,43.46,65.19,612.33,227.01,7.75,3,98,28.86,245,10,Critical,Normal,Generation Drop
TR-003015,SUB-003,North,371.78,39.99,40.15,1.46,50.0,44.44,0.92,43.2,63.0,1077.86,347.15,6.94,4,98,28.78,255,11,Critical,Normal,Generation Drop
TR-002007,SUB-002,North,380.25,39.87,40.07,1.45,50.0,43.88,0.92,43.35,59.88,-2.17,73.79,7.1,7,89,28.52,262,10,Critical,Normal,Generation Drop
TR-004003,SUB-004,North,339.25,39.83,40.69,1.47,49.99,43.99,0.92,43.32,68.65,654.15,354.46,7.6,4,96,28.51,231,11,Critical,Normal,Generation Drop
TR-021012,SUB-021,West,373.1,40.05,39.48,1.43,50.0,43.12,0.92,43.61,63.0,846.44,948.88,7.61,9,95,28.44,261,11,Critical,Normal,Generation Drop
TR-010012,SUB-010,South,365.74,39.87,39.62,1.43,50.0,43.49,0.92,43.39,63.0,1353.16,222.31,7.08,2,96,28.38,256,11,Critical,Normal,Generation Drop
TR-019015,SUB-019,West,364.69,40.04,38.99,1.42,50.0,43.4,0.92,43.42,63.0,55.85,922.57,7.1,5,98,28.31,257,11,Critical,Normal,Generation Drop
TR-027007,SUB-027,North-East,344.59,40.03,39.87,1.45,50.0,43.45,0.92,43.23,57.4,-128.46,524.42,7.92,2,88,28.29,237,10,Critical,Normal,Generation Drop
TR-019002,SUB-019,West,381.11,39.89,39.11,1.41,50.0,43.42,0.92,43.24,64.13,1029.92,98.39,6.81,4,98,28.23,271,11,Critical,Normal,Generation Drop
TR-027015,SUB-027,North-East,338.01,39.96,39.02,1.41,49.99,43.13,0.92,43.42,63.0,-334.36,-102.92,6.89,2,93,28.21,239,11,Critical,Normal,Generation Drop
TR-020017,SUB-020,East,362.19,39.98,39.59,1.44,50.0,43.16,0.92,43.47,65.51,135.71,126.92,7.38,6,98,28.17,252,11,Critical,Normal,Generation Drop
TR-029019,SUB-029,North,389.82,40.03,39.66,1.44,50.0,43.72,0.92,43.4,63.0,-277.61,260.02,7.06,4,88,28.17,271,11,Critical,Normal,Generation Drop
TR-006013,SUB-006,West,385.79,40.09,39.95,1.46,50.0,43.29,0.92,43.31,63.28,322.79,831.13,8.09,4,98,28.16,264,11,Critical,Normal,Generation Drop
TR-012007,SUB-012,East,359.69,40.1,39.57,1.44,50.0,43.56,0.92,43.3,63.0,133.8,155.56,7.33,2,96,28.03,250,11,Critical,Normal,Generation Drop
TR-025003,SUB-025,West,342.06,40.03,39.33,1.44,50.0,43.15,0.92,43.19,62.1,-29.77,468.53,6.63,2,90,28.0,238,11,Critical,Normal,Generation Drop
TR-016004,SUB-016,Central,356.01,40.08,39.2,1.43,49.99,43.25,0.92,43.18,64.85,513.84,382.72,7.12,2,87,27.96,249,10,Critical,Normal,Generation Drop
TR-008011,SUB-008,South,368.0,39.96,39.17,1.43,49.99,42.83,0.92,43.23,69.07,-382.32,471.26,6.69,3,97,27.85,258,11,Critical,Normal,Generation Drop
TR-017009,SUB-017,North-East,355.41,40.22,38.8,1.41,50.0,42.82,0.92,43.16,61.87,237.4,502.27,7.92,6,91,27.75,252,11,Critical,Normal,Generation Drop
TR-014006,SUB-014,Central,330.53,40.02,39.59,1.45,50.0,43.66,0.93,43.0,63.0,1481.96,589.25,7.58,3,98,27.69,228,11,Critical,Normal,Generation Drop
TR-016006,SUB-016,Central,363.74,39.79,38.94,1.4,49.99,42.96,0.92,43.19,66.28,-773.56,246.62,7.21,2,85,27.58,259,11,Critical,Normal,Generation Drop
TR-004004,SUB-004,North,337.36,39.87,38.41,1.38,49.98,42.41,0.92,43.26,63.0,428.93,-7.67,7.96,6,88,27.55,245,11,Critical,Normal,Generation Drop
TR-017008,SUB-017,North-East,357.67,40.1,39.5,1.44,50.01,43.04,0.92,43.12,63.0,1234.9,-94.87,7.39,5,96,27.53,248,11,Critical,Normal,Generation Drop
TR-015009,SUB-015,Central,405.02,40.02,38.72,1.41,50.0,42.79,0.92,43.17,69.32,1392.09,383.38,7.23,4,98,27.52,287,10,Critical,Normal,Generation Drop
TR-022015,SUB-022,South,358.28,40.1,39.02,1.43,49.99,43.12,0.92,43.04,64.54,1406.74,378.95,7.65,2,92,27.51,251,11,Critical,Normal,Generation Drop
TR-015007,SUB-015,Central,372.52,40.11,39.63,1.45,50.01,42.87,0.92,43.23,63.0,-698.71,585.61,6.94,4,98,27.46,257,10,Critical,Normal,Generation Drop
TR-013002,SUB-013,East,367.37,40.0,38.73,1.41,49.99,43.17,0.92,43.12,62.34,1525.52,-397.54,7.22,5,85,27.46,260,10,Critical,Normal,Generation Drop
TR-024009,SUB-024,North,385.24,40.07,39.18,1.43,50.01,42.72,0.92,43.15,63.0,424.37,203.67,7.7,5,97,27.43,269,11,Critical,Normal,Generation Drop
TR-013012,SUB-013,East,392.39,39.9,38.97,1.42,50.0,42.89,0.92,42.97,63.0,760.23,579.28,7.32,5,98,27.37,276,11,Critical,Normal,Generation Drop
TR-015004,SUB-015,Central,351.2,40.03,39.96,1.46,50.0,43.66,0.92,42.97,61.12,1177.13,141.71,6.7,1,87,27.17,240,10,Critical,Normal,Generation Drop
TR-012006,SUB-012,East,391.37,39.9,39.06,1.42,50.01,42.82,0.92,43.02,69.04,502.16,282.93,6.93,5,98,27.08,275,11,Critical,Normal,Generation Drop
TR-027009,SUB-027,North-East,356.36,40.17,37.82,1.38,50.0,42.1,0.92,43.14,59.62,1569.97,448.31,7.35,5,86,27.07,258,11,Critical,Normal,Generation Drop
TR-008015,SUB-008,South,324.07,39.98,38.66,1.4,50.01,42.72,0.92,43.15,64.3,1786.31,-21.92,7.74,4,96,27.05,231,11,Critical,Normal,Generation Drop
TR-017015,SUB-017,North-East,358.79,40.11,38.92,1.42,50.0,42.11,0.92,42.98,67.06,218.47,244.87,8.12,2,97,27.0,253,11,Critical,Normal,Generation Drop
TR-016016,SUB-016,Central,397.6,40.05,39.43,1.44,50.0,43.3,0.92,42.88,56.22,661.98,458.32,7.16,2,87,26.91,276,11,Critical,Normal,Generation Drop
TR-027018,SUB-027,North-East,358.27,40.04,39.36,1.44,50.0,42.92,0.92,42.95,58.83,-206.71,596.12,6.55,2,85,26.88,248,11,Critical,Normal,Generation Drop
TR-018013,SUB-018,North-East,321.98,40.23,38.84,1.43,49.99,42.49,0.93,42.83,63.0,785.94,678.95,7.08,2,98,26.78,225,10,Critical,Normal,Generation Drop
TR-029013,SUB-029,North,360.03,40.02,37.59,1.37,49.99,41.88,0.92,43.06,63.9,332.6,634.38,7.19,0,85,26.75,263,10,Critical,Normal,Generation Drop
TR-024015,SUB-024,North,369.84,40.01,37.69,1.37,50.0,41.8,0.92,43.01,58.51,815.39,413.5,7.44,3,97,26.73,270,10,Critical,Normal,Generation Drop
TR-002006,SUB-002,North,423.45,39.9,38.71,1.4,50.0,42.77,0.92,42.92,63.82,1370.55,757.77,7.09,1,96,26.7,302,11,Critical,Normal,Generation Drop
TR-007018,SUB-007,West,348.05,40.15,38.62,1.41,50.0,42.02,0.92,43.1,58.37,654.11,520.59,7.44,4,85,26.68,246,11,Critical,Normal,Generation Drop
TR-023007,SUB-023,East,381.85,39.89,38.63,1.4,49.99,41.87,0.92,42.97,63.0,1785.1,556.1,7.29,2,94,26.67,272,11,Critical,Normal,Generation Drop
TR-004011,SUB-004,North,401.83,39.8,37.93,1.38,50.01,41.93,0.92,42.99,63.0,1247.54,784.18,7.07,6,97,26.55,292,11,Critical,Normal,Generation Drop
TR-022008,SUB-022,South,323.15,39.97,38.46,1.41,50.01,42.58,0.93,42.88,56.86,252.12,263.75,7.32,3,85,26.5,229,10,Critical,Normal,Generation Drop
TR-010003,SUB-010,South,347.39,39.99,38.02,1.38,50.0,42.11,0.92,42.79,65.3,-513.23,591.47,6.62,5,98,26.45,251,11,Critical,Normal,Generation Drop
TR-020015,SUB-020,East,364.44,40.05,37.89,1.39,50.0,42.0,0.92,42.91,66.74,251.55,319.31,6.95,6,97,26.43,263,11,Critical,Normal,Generation Drop
TR-019010,SUB-019,West,335.7,40.09,37.65,1.38,49.99,41.26,0.92,42.92,57.83,254.53,667.15,7.12,2,77,26.32,244,11,High Risk,Normal,Generation Drop
TR-003012,SUB-003,North,398.99,40.1,38.8,1.42,50.0,42.46,0.92,42.77,68.37,554.24,398.24,6.82,3,98,26.2,281,11,Critical,Normal,Generation Drop
TR-012010,SUB-012,East,353.26,40.05,37.8,1.37,50.01,41.19,0.92,42.96,63.42,-443.82,260.32,7.69,7,96,26.17,257,11,Critical,Normal,Generation Drop
TR-024007,SUB-024,North,382.96,40.08,38.62,1.42,50.0,42.16,0.93,42.73,63.0,-433.26,78.15,7.31,3,97,26.12,269,11,Critical,Normal,Generation Drop
TR-017007,SUB-017,North-East,348.83,40.12,37.9,1.39,50.0,41.7,0.92,42.76,66.05,1446.78,359.02,7.68,6,96,25.95,251,10,Critical,Normal,Generation Drop
TR-019006,SUB-019,West,397.05,39.96,38.31,1.4,50.0,41.82,0.93,42.64,58.96,1873.03,52.88,6.92,3,93,25.67,283,11,Critical,Normal,Generation Drop
TR-018010,SUB-018,North-East,426.09,40.09,37.76,1.39,50.0,41.67,0.93,42.57,63.05,-213.15,513.03,6.88,2,85,25.51,306,11,Critical,Normal,Generation Drop
TR-008009,SUB-008,South,395.43,39.97,38.13,1.39,49.99,41.45,0.93,42.63,64.88,-686.98,114.63,7.11,4,98,25.48,284,11,Critical,Normal,Generation Drop
TR-002013,SUB-002,North,378.34,40.03,37.73,1.39,50.0,41.77,0.93,42.69,63.0,646.62,-54.0,6.89,2,98,25.42,273,11,Critical,Normal,Generation Drop
TR-025008,SUB-025,West,354.84,40.0,37.56,1.38,50.0,41.09,0.93,42.7,63.0,1103.88,45.82,7.51,3,98,25.33,258,11,Critical,Normal,Generation Drop
TR-007016,SUB-007,West,341.61,39.98,37.24,1.36,50.0,40.98,0.93,42.75,63.0,58.59,473.52,6.92,1,87,25.26,251,11,Critical,Normal,Generation Drop
TR-018018,SUB-018,North-East,399.84,39.87,38.11,1.39,50.0,41.72,0.93,42.62,63.0,-223.63,-33.31,6.76,0,96,25.19,288,11,Critical,Normal,Generation Drop
TR-009017,SUB-009,South,356.17,39.87,37.09,1.35,49.99,40.61,0.93,42.46,61.85,1659.07,-52.61,6.7,1,85,24.91,263,11,Critical,Normal,Generation Drop
TR-011017,SUB-011,East,330.62,40.01,35.98,1.32,50.0,39.91,0.93,42.65,63.0,342.84,520.17,6.57,3,96,24.85,251,11,Critical,Normal,Generation Drop
TR-018003,SUB-018,North-East,344.61,39.88,36.8,1.35,49.99,40.5,0.93,42.43,64.19,1173.91,668.78,7.11,2,96,24.79,256,11,Critical,Normal,Generation Drop
TR-002004,SUB-002,North,342.6,39.98,37.33,1.36,50.0,40.67,0.92,42.53,63.0,939.1,685.46,7.5,1,86,24.77,251,11,Critical,Normal,Generation Drop
TR-024010,SUB-024,North,333.25,39.94,36.53,1.34,50.01,40.58,0.93,42.47,63.0,239.93,67.93,7.22,4,92,24.72,249,11,Critical,Normal,Generation Drop
TR-027016,SUB-027,North-East,325.58,40.01,36.92,1.35,49.99,40.73,0.93,42.66,57.76,-943.16,328.55,7.36,5,88,24.59,241,11,Critical,Normal,Generation Drop
TR-020016,SUB-020,East,348.13,39.85,36.92,1.35,50.0,40.86,0.93,42.59,56.0,210.01,95.16,7.02,2,77,24.55,258,11,High Risk,Normal,Generation Drop
TR-007006,SUB-007,West,358.85,40.0,37.16,1.35,50.01,40.87,0.93,42.42,72.27,-238.36,-87.42,7.09,3,98,24.55,265,11,Critical,Normal,Overload
TR-011005,SUB-011,East,352.26,39.89,36.92,1.35,49.99,40.72,0.93,42.48,56.0,265.27,-79.41,6.7,2,81,24.55,260,10,High Risk,Normal,Generation Drop
TR-015017,SUB-015,Central,368.3,40.14,37.96,1.4,50.01,41.75,0.92,42.58,56.0,14.99,1114.46,6.43,3,83,24.43,263,11,High Risk,Normal,Generation Drop
TR-008010,SUB-008,South,358.13,40.0,37.84,1.39,49.99,41.17,0.93,42.41,64.71,362.88,776.32,7.37,0,86,24.39,258,11,Critical,Normal,Generation Drop
TR-026020,SUB-026,South,327.95,40.0,36.47,1.34,50.0,40.32,0.93,42.33,63.0,1843.64,228.54,6.57,3,96,24.38,245,10,Critical,Normal,Generation Drop
TR-005005,SUB-005,West,343.4,39.99,36.74,1.35,50.0,40.62,0.93,42.33,57.75,792.33,810.71,6.26,1,81,24.27,254,10,High Risk,Normal,Generation Drop
TR-013010,SUB-013,East,392.24,40.11,37.96,1.4,50.01,41.31,0.93,42.56,69.93,-537.34,914.99,6.82,3,97,24.21,281,10,Critical,Normal,Generation Drop
TR-009014,SUB-009,South,344.93,39.98,37.07,1.36,50.01,40.51,0.93,42.41,59.94,-554.07,-73.01,7.17,1,91,24.12,253,9,Critical,Normal,Generation Drop
TR-011001,SUB-011,East,328.85,39.91,36.41,1.32,50.01,39.74,0.92,42.36,66.11,547.14,214.12,6.59,4,94,24.06,249,11,Critical,Normal,Generation Drop
TR-013017,SUB-013,East,346.97,39.99,37.4,1.37,50.0,41.1,0.92,42.66,63.0,810.43,-129.7,7.14,2,93,24.05,254,11,Critical,Normal,Generation Drop
TR-016001,SUB-016,Central,387.43,40.0,37.22,1.37,50.0,40.35,0.93,42.12,56.07,282.44,950.37,6.62,1,80,23.99,282,11,High Risk,Normal,Generation Drop
TR-006004,SUB-006,West,336.33,39.85,36.2,1.32,50.01,40.03,0.93,41.94,64.88,115.67,246.46,6.76,2,98,23.71,255,11,Critical,Normal,Generation Drop
TR-018020,SUB-018,North-East,369.43,40.09,37.04,1.37,49.98,41.26,0.93,42.3,63.84,1745.69,539.93,6.27,3,83,23.61,270,10,High Risk,Normal,Generation Drop
TR-026013,SUB-026,South,382.73,40.06,36.93,1.35,49.99,40.93,0.93,42.37,60.48,23.89,450.1,6.97,2,80,23.54,283,9,High Risk,Normal,Generation Drop
TR-015001,SUB-015,Central,317.72,40.08,36.28,1.33,49.99,40.55,0.93,42.25,56.0,116.67,452.2,6.56,4,82,23.45,238,10,High Risk,Normal,Generation Drop
TR-015016,SUB-015,Central,362.08,40.08,37.2,1.38,50.0,41.16,0.93,42.25,56.0,1626.62,450.87,6.48,2,80,23.43,263,10,High Risk,Normal,Generation Drop
TR-009020,SUB-009,South,343.08,39.92,37.01,1.36,50.0,40.78,0.93,42.42,60.7,-299.34,194.47,6.54,2,76,23.36,252,11,High Risk,Normal,Generation Drop
TR-017005,SUB-017,North-East,368.63,39.95,36.55,1.34,50.0,40.78,0.93,42.39,66.7,1267.98,1032.21,6.56,3,97,23.31,276,11,Critical,Normal,Generation Drop
TR-011008,SUB-011,East,336.37,39.96,37.34,1.37,50.0,41.24,0.93,42.1,63.0,-609.19,58.86,6.25,1,83,23.23,245,10,High Risk,Normal,Generation Drop
TR-024019,SUB-024,North,285.22,39.94,36.37,1.33,50.0,40.26,0.93,42.29,65.94,-374.64,236.99,5.83,0,97,23.22,215,11,Critical,Normal,Generation Drop
TR-023017,SUB-023,East,380.03,39.95,37.7,1.39,50.0,41.31,0.93,42.32,56.74,-71.39,665.68,6.22,1,80,23.22,274,11,High Risk,Normal,Generation Drop
TR-021020,SUB-021,West,327.92,39.91,36.92,1.34,50.0,40.55,0.93,42.37,63.0,245.36,-135.81,6.98,4,94,23.21,244,10,Critical,Normal,Generation Drop
TR-003014,SUB-003,North,372.89,40.0,36.28,1.33,49.99,40.25,0.93,42.37,65.61,1001.84,254.71,6.83,2,97,23.21,280,10,Critical,Normal,Generation Drop
TR-016005,SUB-016,Central,388.22,39.91,37.69,1.39,50.0,41.21,0.93,42.4,58.92,2023.3,950.63,6.4,0,77,23.18,280,10,High Risk,Normal,Generation Drop
TR-012012,SUB-012,East,356.55,39.89,37.0,1.36,50.0,40.45,0.93,42.21,56.61,-1577.11,1211.28,6.19,0,75,23.13,263,8,High Risk,Normal,Generation Drop
TR-027013,SUB-027,North-East,333.91,39.95,37.19,1.36,50.0,40.71,0.93,42.48,59.46,408.54,255.6,6.58,0,84,23.09,245,11,High Risk,Normal,Generation Drop
TR-021003,SUB-021,West,325.7,39.9,37.22,1.36,50.01,40.84,0.93,42.16,63.0,1123.1,543.14,6.6,3,97,23.07,239,9,Critical,Normal,Generation Drop
TR-012003,SUB-012,East,359.81,39.98,37.06,1.36,50.01,40.77,0.93,42.41,64.1,2454.17,644.7,6.91,0,86,23.01,265,11,Critical,Normal,Generation Drop
TR-025016,SUB-025,West,345.33,40.0,36.95,1.36,50.0,40.72,0.93,42.14,63.95,964.83,1097.23,6.58,1,87,22.96,254,10,Critical,Normal,Generation Drop
TR-025013,SUB-025,West,344.58,39.95,37.49,1.38,50.0,40.64,0.93,42.17,56.35,130.14,398.53,6.62,3,82,22.76,249,11,High Risk,Normal,Generation Drop
TR-024011,SUB-024,North,327.36,40.14,36.63,1.36,50.0,40.24,0.93,42.17,63.0,1453.56,560.71,6.89,1,84,22.73,241,10,High Risk,Normal,Generation Drop
TR-028006,SUB-028,Central,360.7,40.06,36.15,1.33,50.01,39.81,0.93,42.28,68.87,549.3,512.4,7.07,6,95,22.73,271,11,Critical,Normal,Generation Drop
TR-023010,SUB-023,East,350.26,39.92,35.94,1.32,50.0,40.19,0.93,42.2,67.55,901.06,385.99,6.42,2,97,22.72,266,11,Critical,Normal,Generation Drop
TR-009018,SUB-009,South,319.85,39.86,36.68,1.35,49.99,40.4,0.93,42.09,54.76,-267.83,160.54,6.37,2,78,22.69,237,10,High Risk,Normal,Generation Drop
TR-018006,SUB-018,North-East,333.42,40.04,36.34,1.34,50.0,40.17,0.93,42.16,57.26,1404.12,232.64,6.46,5,82,22.65,248,9,High Risk,Normal,Generation Drop
TR-007015,SUB-007,West,381.57,40.07,36.39,1.34,50.0,40.35,0.93,42.22,63.0,404.9,418.86,6.82,4,85,22.61,284,10,Critical,Normal,Generation Drop
TR-014014,SUB-014,Central,343.7,39.93,36.16,1.33,50.0,39.74,0.93,42.25,63.26,-491.7,158.99,6.53,1,82,22.58,259,11,High Risk,Normal,Generation Drop
TR-020007,SUB-020,East,317.13,39.88,36.05,1.32,50.01,39.89,0.93,42.36,56.0,-692.05,-60.23,6.62,3,87,22.55,240,11,Critical,Normal,Generation Drop
TR-023016,SUB-023,East,319.87,40.02,37.06,1.37,50.0,40.69,0.93,42.09,56.0,1222.27,759.17,6.5,4,84,22.52,234,11,High Risk,Normal,Generation Drop
TR-018015,SUB-018,North-East,366.73,39.95,35.08,1.3,50.0,38.64,0.93,41.94,57.39,344.64,816.16,6.31,0,77,22.46,283,10,High Risk,Normal,Generation Drop
TR-003009,SUB-003,North,353.45,40.07,36.73,1.36,50.0,40.29,0.93,42.18,65.91,42.12,24.24,6.49,1,87,22.41,260,10,Critical,Normal,Generation Drop
TR-005016,SUB-005,West,357.63,40.04,36.93,1.36,49.99,40.06,0.93,41.99,56.0,-50.95,529.12,6.73,1,84,22.34,262,9,High Risk,Normal,Generation Drop
TR-004017,SUB-004,North,338.75,40.08,35.69,1.32,50.0,39.68,0.93,42.16,63.0,529.43,320.27,6.0,1,93,22.28,257,11,Critical,Normal,Generation Drop
TR-011002,SUB-011,East,307.06,39.87,35.67,1.3,50.01,39.31,0.93,42.06,62.02,-892.4,-44.18,6.41,2,85,22.24,236,11,Critical,Normal,Generation Drop
TR-029002,SUB-029,North,349.66,40.14,35.87,1.33,50.01,39.92,0.93,41.9,63.0,235.26,242.9,6.44,1,95,22.22,263,10,Critical,Normal,Generation Drop
TR-016002,SUB-016,Central,399.03,40.04,35.98,1.32,50.0,39.77,0.93,42.02,63.0,729.59,875.07,6.48,6,97,22.2,302,11,Critical,Normal,Generation Drop
TR-014002,SUB-014,Central,342.76,40.09,37.04,1.37,50.0,40.41,0.93,42.13,63.55,605.76,199.64,6.49,2,85,22.17,251,11,Critical,Normal,Generation Drop
TR-016011,SUB-016,Central,356.9,39.89,36.67,1.35,50.01,39.95,0.93,41.95,57.77,-801.9,-114.7,6.32,1,78,22.15,265,9,High Risk,Normal,Generation Drop
TR-029009,SUB-029,North,349.61,39.96,36.6,1.35,50.0,40.08,0.93,42.1,63.76,-365.25,432.78,6.23,3,84,22.14,259,11,High Risk,Normal,Generation Drop
TR-019016,SUB-019,West,374.0,40.07,36.71,1.36,49.99,40.12,0.93,42.08,56.0,1078.52,106.65,6.42,0,81,22.13,276,10,High Risk,Normal,Generation Drop
TR-026015,SUB-026,South,335.95,39.87,36.2,1.32,50.0,39.86,0.93,42.0,56.62,-705.89,1111.31,6.23,1,91,22.1,254,11,Critical,Normal,Generation Drop
TR-017001,SUB-017,North-East,345.92,40.02,36.09,1.33,49.99,39.46,0.93,41.96,63.0,-590.43,497.23,6.71,3,97,22.08,260,9,Critical,Normal,Generation Drop
TR-028019,SUB-028,Central,345.67,39.99,36.67,1.35,50.0,40.15,0.93,42.1,69.35,2170.52,296.69,6.28,0,97,21.93,256,11,Critical,Normal,Generation Drop
TR-023015,SUB-023,East,319.19,40.03,36.0,1.33,50.0,39.78,0.93,41.91,56.3,117.56,411.25,5.98,0,76,21.91,240,9,High Risk,Normal,Generation Drop
TR-019020,SUB-019,West,334.75,40.01,34.48,1.26,50.0,38.39,0.92,41.85,63.12,453.06,212.9,6.28,4,97,21.84,266,11,Critical,Normal,Generation Drop
TR-028012,SUB-028,Central,343.43,40.06,35.88,1.33,49.99,39.66,0.93,42.06,62.73,423.53,524.45,6.23,1,80,21.72,258,11,High Risk,Normal,Generation Drop
TR-001019,SUB-001,North,351.87,39.95,35.32,1.3,50.01,39.0,0.93,41.82,56.09,-70.04,310.67,6.1,3,93,21.67,270,10,Critical,Normal,Generation Drop
TR-028005,SUB-028,Central,331.3,40.05,35.59,1.31,49.99,38.94,0.93,41.89,63.0,664.44,652.51,6.6,2,91,21.65,252,11,Critical,Normal,Generation Drop
TR-015011,SUB-015,Central,352.1,40.09,35.49,1.31,50.01,38.94,0.93,41.98,63.0,-1082.68,449.97,6.29,2,97,21.6,269,11,Critical,Normal,Generation Drop
TR-022013,SUB-022,South,299.39,40.06,35.07,1.3,50.01,38.87,0.93,41.96,56.95,-225.65,220.16,6.21,1,80,21.48,231,11,High Risk,Normal,Generation Drop
TR-005019,SUB-005,West,348.28,40.05,35.19,1.29,50.0,38.75,0.93,42.05,63.0,-155.65,409.58,6.56,2,97,21.48,269,10,Critical,Normal,Generation Drop
TR-019009,SUB-019,West,348.41,40.01,36.15,1.33,50.0,39.31,0.93,41.79,57.64,-280.9,848.39,6.14,3,86,21.42,261,11,Critical,Normal,Generation Drop
TR-008013,SUB-008,South,370.28,39.93,35.82,1.32,50.0,39.22,0.93,42.01,63.0,717.25,520.96,5.84,1,83,21.42,281,11,High Risk,Normal,Generation Drop
TR-004012,SUB-004,North,348.15,39.94,35.54,1.31,50.0,39.41,0.93,41.78,58.48,558.46,495.42,5.77,1,81,21.41,265,11,High Risk,Normal,Generation Drop
TR-028007,SUB-028,Central,344.86,40.03,35.51,1.31,50.0,38.99,0.93,42.06,60.13,-1411.85,956.46,6.23,1,90,21.4,263,10,Critical,Normal,Generation Drop
TR-021001,SUB-021,West,332.2,40.04,35.8,1.33,50.0,39.1,0.93,41.74,56.0,494.18,517.95,6.21,1,75,21.39,250,11,High Risk,Normal,Generation Drop
TR-001015,SUB-001,North,310.43,39.83,35.2,1.29,49.99,39.15,0.93,41.88,64.51,-51.29,368.86,6.15,0,86,21.3,241,11,Critical,Normal,Generation Drop
TR-017018,SUB-017,North-East,340.5,39.93,35.13,1.29,50.0,38.72,0.93,41.7,57.37,942.72,224.41,6.4,1,78,21.27,263,11,High Risk,Normal,Generation Drop
TR-024005,SUB-024,North,327.42,39.97,35.08,1.3,49.99,38.83,0.93,41.9,56.0,-301.75,-67.82,5.98,2,80,21.23,252,11,High Risk,Normal,Generation Drop
TR-002014,SUB-002,North,304.2,39.99,35.18,1.29,49.99,38.69,0.93,42.02,56.0,-517.17,107.17,6.83,3,81,21.15,236,11,High Risk,Normal,Generation Drop
TR-029020,SUB-029,North,354.03,40.04,35.99,1.32,50.0,39.17,0.93,41.74,63.0,421.46,-18.0,6.72,2,84,21.14,268,11,High Risk,Normal,Generation Drop
TR-014009,SUB-014,Central,344.59,39.99,35.65,1.32,50.0,39.45,0.93,41.89,56.59,1830.47,521.83,6.48,0,74,21.13,262,8,High Risk,Normal,Generation Drop
TR-020006,SUB-020,East,315.96,39.9,34.35,1.26,49.99,38.35,0.93,41.68,56.31,1593.81,103.39,6.65,3,84,21.13,250,11,High Risk,Normal,Generation Drop
TR-024003,SUB-024,North,315.71,40.05,36.18,1.34,50.01,39.61,0.93,41.74,63.0,93.35,714.02,6.42,2,96,21.12,236,11,Critical,Normal,Generation Drop
TR-004015,SUB-004,North,367.69,40.02,35.8,1.33,50.0,39.15,0.93,41.63,57.52,-758.41,-31.69,6.51,0,80,21.12,277,10,High Risk,Normal,Generation Drop
TR-005018,SUB-005,West,342.35,40.03,34.76,1.29,50.01,38.33,0.93,41.86,57.7,78.88,575.4,6.81,3,90,21.1,266,11,Critical,Normal,Generation Drop
TR-005007,SUB-005,West,325.52,40.06,35.55,1.32,50.01,38.86,0.93,41.92,63.0,314.6,242.24,6.74,1,83,20.99,247,9,High Risk,Normal,Generation Drop
TR-016013,SUB-016,Central,353.6,40.08,35.13,1.3,50.0,38.77,0.93,41.65,63.0,1594.15,-83.1,6.37,0,84,20.98,272,11,High Risk,Normal,Generation Drop
TR-020004,SUB-020,East,350.5,40.01,34.76,1.27,50.0,38.26,0.93,41.87,63.74,467.68,235.12,5.87,2,91,20.97,275,10,Critical,Normal,Generation Drop
TR-024017,SUB-024,North,342.52,40.03,34.83,1.28,49.99,38.32,0.93,41.93,63.0,-523.02,110.96,6.87,1,82,20.97,267,10,High Risk,Normal,Generation Drop
TR-021019,SUB-021,West,309.71,39.91,35.37,1.3,50.0,38.62,0.93,41.82,64.44,-570.27,634.43,6.39,0,85,20.9,239,8,Critical,Normal,Generation Drop
TR-020005,SUB-020,East,331.63,40.11,35.53,1.32,50.0,38.74,0.93,41.62,58.65,166.78,501.22,6.14,2,90,20.63,251,11,Critical,Normal,Generation Drop
TR-028015,SUB-028,Central,329.62,39.81,34.61,1.27,50.0,37.75,0.93,41.78,56.0,247.51,-281.67,6.36,1,75,20.56,260,10,High Risk,Normal,Generation Drop
TR-013013,SUB-013,East,316.68,40.02,33.95,1.25,49.99,37.8,0.93,41.73,63.0,738.46,162.49,6.27,2,87,20.38,253,11,Critical,Normal,Generation Drop
TR-007008,SUB-007,West,341.69,39.9,34.46,1.27,49.99,38.13,0.93,41.66,56.0,381.61,111.26,6.38,2,75,20.15,268,9,High Risk,Normal,Generation Drop
TR-010008,SUB-010,South,346.55,39.92,34.13,1.26,50.0,37.39,0.93,41.52,63.0,378.28,450.0,5.69,2,93,19.62,275,9,Critical,Normal,Generation Drop
TR-008012,SUB-008,South,324.03,40.04,33.89,1.26,50.02,37.18,0.93,41.51,63.0,-270.56,292.72,6.29,2,95,19.46,258,9,Critical,Normal,Generation Drop
