transformer_id,substation_id,region,avg_load_percent,avg_temperature_c,avg_voltage_kv,avg_power_factor,avg_risk_score,max_risk_score,distinct_anomaly_types,total_faults
TR-029018,SUB-029,North,90.37,62.79,39.46,0.76,93.26,100,7,10
TR-029017,SUB-029,North,89.75,61.45,39.48,0.78,91.55,100,4,5
TR-001002,SUB-001,North,88.64,62.65,39.69,0.74,93.45,100,9,12
TR-001003,SUB-001,North,87.45,62.07,40.93,0.74,93.11,100,8,34
TR-001004,SUB-001,North,88.0,60.81,39.24,0.78,92.1,100,6,15
TR-028020,SUB-028,Central,92.63,64.35,39.0,0.71,95.86,100,5,7
TR-028018,SUB-028,Central,89.43,61.35,40.83,0.74,91.67,100,7,8
TR-028017,SUB-028,Central,88.38,61.91,40.3,0.76,93.08,100,3,6
TR-028016,SUB-028,Central,88.11,62.2,40.03,0.76,92.69,100,9,16
TR-028013,SUB-028,Central,88.06,62.3,39.93,0.75,93.65,100,8,31
TR-028011,SUB-028,Central,88.5,62.08,39.87,0.74,94.8,100,9,47
TR-028010,SUB-028,Central,89.52,61.97,40.26,0.75,92.07,100,6,9
TR-028009,SUB-028,Central,87.9,63.48,39.33,0.74,93.31,100,7,12
TR-028008,SUB-028,Central,88.42,62.53,39.76,0.74,93.6,100,9,25
TR-028004,SUB-028,Central,87.77,61.6,40.4,0.76,92.13,100,8,12
TR-002018,SUB-002,North,89.24,61.45,40.57,0.75,93.05,100,6,15
TR-002012,SUB-002,North,88.42,62.16,39.63,0.75,92.53,100,6,19
TR-002011,SUB-002,North,89.96,62.11,41.1,0.75,93.41,100,8,11
TR-002009,SUB-002,North,87.69,61.45,39.64,0.73,92.25,100,7,10
TR-002008,SUB-002,North,88.63,60.42,41.69,0.77,90.46,100,6,6
TR-002003,SUB-002,North,87.5,61.97,40.39,0.75,92.0,100,7,19
TR-028002,SUB-028,Central,88.95,62.51,40.43,0.76,92.92,100,6,18
TR-027020,SUB-027,North-East,89.95,61.39,40.66,0.74,91.43,100,6,4
TR-027017,SUB-027,North-East,89.17,61.81,40.57,0.75,93.5,100,5,7
TR-027014,SUB-027,North-East,89.73,62.16,40.06,0.74,93.0,100,4,7
TR-027012,SUB-027,North-East,87.84,60.18,40.5,0.77,91.1,100,4,4
TR-027010,SUB-027,North-East,87.18,61.0,37.97,0.75,92.62,100,4,5
TR-027008,SUB-027,North-East,88.99,62.26,39.73,0.76,93.83,100,8,23
TR-027006,SUB-027,North-East,87.93,59.41,39.98,0.77,90.73,100,7,8
TR-003013,SUB-003,North,90.36,62.05,38.8,0.75,93.93,100,7,13
TR-003011,SUB-003,North,91.13,63.55,39.25,0.74,93.78,100,7,6
TR-003010,SUB-003,North,87.95,62.23,40.07,0.75,91.93,100,7,11
TR-003008,SUB-003,North,87.54,61.83,39.56,0.76,91.27,100,8,9
TR-003006,SUB-003,North,89.47,61.9,41.09,0.74,91.36,100,5,3
TR-003005,SUB-003,North,88.81,62.19,40.14,0.74,92.98,100,9,18
TR-003004,SUB-003,North,88.61,62.45,39.41,0.75,94.1,100,7,21
TR-003003,SUB-003,North,89.0,61.86,39.48,0.74,92.33,100,7,16
TR-003002,SUB-003,North,87.86,61.26,39.04,0.74,92.39,100,7,13
TR-003001,SUB-003,North,88.32,61.78,40.73,0.76,91.32,100,8,9
TR-002019,SUB-002,North,89.96,62.79,41.17,0.74,92.06,100,6,5
TR-004010,SUB-004,North,88.55,62.17,39.81,0.75,93.89,100,10,27
TR-004009,SUB-004,North,88.09,61.85,39.34,0.75,92.74,100,8,14
TR-004008,SUB-004,North,87.9,61.72,39.75,0.76,91.93,100,8,22
TR-004007,SUB-004,North,87.48,61.94,41.19,0.78,90.56,100,8,6
TR-004006,SUB-004,North,89.1,61.85,40.12,0.74,92.77,100,8,22
TR-004005,SUB-004,North,89.55,61.83,39.89,0.74,92.94,100,7,8
TR-004002,SUB-004,North,88.79,60.51,41.35,0.76,92.4,100,6,5
TR-003019,SUB-003,North,88.0,61.39,40.48,0.76,91.1,100,7,10
TR-003018,SUB-003,North,88.62,61.48,39.3,0.77,91.79,100,8,6
TR-003017,SUB-003,North,99.78,67.82,39.95,0.71,100.0,100,1,4
TR-003016,SUB-003,North,88.01,62.56,39.62,0.74,93.26,100,8,22
TR-027005,SUB-027,North-East,89.93,63.19,41.11,0.76,92.74,100,7,8
TR-027003,SUB-027,North-East,89.99,63.57,40.31,0.74,94.43,100,9,24
TR-027002,SUB-027,North-East,88.07,62.52,40.33,0.74,94.95,100,9,50
TR-026018,SUB-026,South,90.65,63.66,38.71,0.73,94.93,100,8,15
TR-026016,SUB-026,South,88.4,61.96,39.98,0.75,93.66,100,8,20
TR-026014,SUB-026,South,87.88,62.02,40.23,0.73,92.26,100,7,13
TR-026012,SUB-026,South,89.02,61.79,39.85,0.76,92.77,100,9,21
TR-026010,SUB-026,South,89.13,62.35,39.96,0.74,93.72,100,8,21
TR-026009,SUB-026,South,88.55,64.08,37.98,0.73,93.61,100,6,5
TR-005010,SUB-005,West,88.25,63.02,39.88,0.74,93.93,100,9,22
TR-005009,SUB-005,West,89.23,61.09,42.3,0.76,91.79,100,6,6
TR-005008,SUB-005,West,88.88,62.1,40.45,0.75,92.67,100,9,12
TR-005006,SUB-005,West,87.23,60.72,40.26,0.77,91.61,100,8,15
TR-005004,SUB-005,West,88.55,63.13,39.71,0.73,95.73,100,10,49
TR-005003,SUB-005,West,87.39,61.66,41.53,0.75,89.41,100,6,4
TR-005002,SUB-005,West,88.98,62.67,39.0,0.74,91.79,100,6,6
TR-005001,SUB-005,West,87.63,62.08,40.41,0.76,93.14,100,10,20
TR-004020,SUB-004,North,88.83,61.51,39.92,0.75,91.49,100,8,13
TR-004019,SUB-004,North,88.1,63.02,40.0,0.74,95.27,100,9,40
TR-004016,SUB-004,North,91.88,63.88,40.18,0.77,94.88,100,3,3
TR-004014,SUB-004,North,91.6,64.87,38.74,0.73,93.88,100,5,5
TR-006006,SUB-006,West,85.0,63.9,38.98,0.74,94.6,100,3,3
TR-006005,SUB-006,West,90.6,63.75,38.79,0.75,94.8,100,3,3
TR-006003,SUB-006,West,89.13,61.83,40.52,0.75,93.86,100,10,29
TR-006002,SUB-006,West,85.94,59.38,39.04,0.79,89.44,100,6,7
TR-006001,SUB-006,West,88.79,59.94,40.82,0.76,93.27,100,6,15
TR-005020,SUB-005,West,86.69,61.89,40.95,0.74,92.42,100,8,20
TR-005017,SUB-005,West,87.83,60.56,39.69,0.79,92.0,100,6,13
TR-005015,SUB-005,West,89.36,61.16,39.81,0.75,90.39,100,7,5
TR-005014,SUB-005,West,87.2,61.33,39.38,0.75,92.68,100,6,12
TR-005013,SUB-005,West,88.67,60.52,39.37,0.75,92.2,100,7,5
TR-005012,SUB-005,West,89.3,62.38,39.08,0.74,91.72,100,7,6
TR-026008,SUB-026,South,88.36,62.03,39.8,0.75,93.6,100,8,27
TR-026005,SUB-026,South,89.12,62.33,39.92,0.74,92.18,100,7,10
TR-026004,SUB-026,South,89.02,62.68,39.88,0.74,94.63,100,9,32
TR-026002,SUB-026,South,89.18,61.75,38.27,0.75,92.0,100,4,7
TR-026001,SUB-026,South,85.56,60.58,38.97,0.78,89.6,100,5,5
TR-025020,SUB-025,West,88.28,61.4,39.1,0.76,92.43,100,7,20
TR-025019,SUB-025,West,89.29,62.96,39.44,0.76,90.93,100,6,3
TR-025018,SUB-025,West,88.26,61.74,39.17,0.76,93.06,100,7,20
TR-025017,SUB-025,West,88.75,62.87,40.43,0.75,93.1,100,9,17
TR-025015,SUB-025,West,87.3,62.47,39.78,0.74,93.78,100,6,19
TR-025012,SUB-025,West,91.82,63.48,38.27,0.71,93.75,100,4,2
TR-007003,SUB-007,West,88.97,62.36,40.4,0.77,91.5,100,6,6
TR-007001,SUB-007,West,89.5,61.45,39.61,0.76,91.47,100,7,8
TR-006020,SUB-006,West,88.8,62.41,40.5,0.76,93.28,100,8,22
TR-006019,SUB-006,West,87.04,63.46,40.17,0.74,91.41,100,9,9
TR-006018,SUB-006,West,90.33,62.74,40.45,0.73,94.29,100,8,17
TR-006017,SUB-006,West,88.41,62.17,41.3,0.74,92.63,100,8,19
TR-006015,SUB-006,West,90.2,62.09,40.04,0.74,93.0,100,6,6
TR-006014,SUB-006,West,87.7,61.49,39.96,0.75,92.81,100,8,28
TR-006011,SUB-006,West,88.3,62.55,40.17,0.77,91.74,100,7,9
TR-006008,SUB-006,West,90.0,62.5,38.75,0.74,92.39,100,8,10
TR-007020,SUB-007,West,91.8,62.75,40.78,0.72,96.08,100,4,6
TR-007019,SUB-007,West,88.46,62.81,40.0,0.76,91.95,100,8,12
TR-007017,SUB-007,West,89.75,61.72,38.09,0.77,92.85,100,6,10
TR-007014,SUB-007,West,90.47,61.35,38.26,0.77,94.22,100,5,8
TR-007011,SUB-007,West,87.91,61.97,40.88,0.77,91.05,100,8,5
TR-007010,SUB-007,West,89.62,62.05,39.74,0.73,93.35,100,6,18
TR-007009,SUB-007,West,89.57,61.06,39.89,0.78,89.47,100,5,3
TR-007005,SUB-007,West,87.94,61.46,40.04,0.75,92.5,100,7,14
TR-007004,SUB-007,West,89.13,60.46,40.1,0.76,91.19,100,8,6
TR-025011,SUB-025,West,89.17,61.04,40.6,0.77,91.17,100,3,2
TR-025010,SUB-025,West,89.34,61.91,40.3,0.76,93.09,100,7,17
TR-025009,SUB-025,West,85.67,60.03,40.12,0.75,89.67,100,5,6
TR-025007,SUB-025,West,89.5,63.72,39.05,0.74,95.05,100,9,34
TR-025006,SUB-025,West,88.02,62.0,40.79,0.75,93.05,100,9,20
TR-025005,SUB-025,West,90.38,62.7,40.01,0.74,93.46,100,6,4
TR-025004,SUB-025,West,91.02,62.42,39.72,0.74,93.94,100,6,8
TR-025002,SUB-025,West,89.96,63.23,41.34,0.75,93.52,100,7,10
TR-024016,SUB-024,North,88.33,62.17,39.69,0.75,94.58,100,9,50
TR-008017,SUB-008,South,90.06,61.16,41.27,0.77,91.9,100,5,2
TR-008016,SUB-008,South,89.68,64.49,38.94,0.75,90.38,100,3,1
TR-008014,SUB-008,South,88.92,60.53,41.31,0.76,91.0,100,7,5
TR-008008,SUB-008,South,88.56,61.83,40.57,0.77,92.1,100,3,3
TR-008005,SUB-008,South,90.38,62.14,40.5,0.75,94.53,100,8,29
TR-008004,SUB-008,South,87.52,61.83,40.35,0.75,93.31,100,9,34
TR-008002,SUB-008,South,88.23,61.47,39.3,0.77,92.83,100,6,7
TR-008001,SUB-008,South,87.55,60.15,39.74,0.76,90.65,100,7,7
TR-024008,SUB-024,North,89.67,62.37,40.4,0.74,93.18,100,9,25
TR-024006,SUB-024,North,92.46,64.31,40.32,0.72,94.85,100,5,8
TR-024002,SUB-024,North,87.79,62.5,40.2,0.75,93.82,100,10,39
TR-023020,SUB-023,East,86.86,62.04,38.61,0.76,92.0,100,6,6
TR-023018,SUB-023,East,88.49,61.48,39.46,0.74,92.5,100,7,8
TR-023014,SUB-023,East,88.96,62.69,39.73,0.74,93.22,100,8,14
TR-009012,SUB-009,South,90.1,63.34,41.04,0.76,91.0,100,6,1
TR-009011,SUB-009,South,88.46,61.75,39.3,0.75,92.26,100,8,17
TR-009010,SUB-009,South,87.93,61.64,40.15,0.75,91.9,100,7,12
TR-009009,SUB-009,South,89.09,60.96,40.54,0.79,91.1,100,6,4
TR-009007,SUB-009,South,89.36,60.69,37.64,0.78,89.82,100,6,4
TR-009006,SUB-009,South,87.83,62.06,41.41,0.76,91.94,100,8,7
TR-009005,SUB-009,South,90.99,61.99,40.64,0.72,95.23,100,6,7
TR-009004,SUB-009,South,88.51,61.62,39.72,0.75,91.16,100,8,6
TR-009003,SUB-009,South,90.05,63.09,41.14,0.74,92.2,100,5,2
TR-009001,SUB-009,South,89.24,61.45,39.78,0.76,93.1,100,8,22
TR-008019,SUB-008,South,88.5,62.87,40.47,0.76,93.0,100,8,19
TR-023013,SUB-023,East,89.17,62.28,39.95,0.74,93.87,100,9,30
TR-023012,SUB-023,East,89.29,62.43,39.55,0.72,93.49,100,7,15
TR-023011,SUB-023,East,89.26,62.76,39.9,0.73,93.31,100,7,14
TR-023009,SUB-023,East,89.1,62.74,40.09,0.73,95.02,100,7,34
TR-023006,SUB-023,East,90.3,62.44,40.07,0.74,94.56,100,8,20
TR-023005,SUB-023,East,87.32,61.76,40.71,0.75,90.66,100,8,8
TR-023004,SUB-023,East,90.2,62.72,40.07,0.76,93.12,100,8,9
TR-023003,SUB-023,East,89.14,61.91,39.26,0.76,92.03,100,7,12
TR-023002,SUB-023,East,91.03,62.42,40.44,0.73,93.74,100,7,8
TR-023001,SUB-023,East,89.05,61.79,40.13,0.74,90.78,100,7,8
TR-022018,SUB-022,South,88.67,62.95,39.9,0.74,95.58,100,9,56
TR-010011,SUB-010,South,90.7,62.62,38.24,0.74,93.72,100,6,8
TR-010010,SUB-010,South,88.62,60.93,38.81,0.76,91.93,100,7,13
TR-010007,SUB-010,South,88.7,60.14,39.91,0.79,90.84,100,7,6
TR-010006,SUB-010,South,87.77,60.85,39.78,0.76,89.79,100,5,5
TR-010005,SUB-010,South,90.5,62.76,39.75,0.73,93.5,100,7,12
TR-010002,SUB-010,South,87.82,61.04,39.35,0.75,88.44,100,6,2
TR-009016,SUB-009,South,90.1,62.78,40.07,0.75,94.51,100,8,20
TR-009015,SUB-009,South,89.33,62.82,39.57,0.75,93.33,100,8,14
TR-011009,SUB-011,East,93.91,62.38,38.12,0.77,96.67,100,2,4
TR-011007,SUB-011,East,89.53,62.32,41.67,0.73,92.75,100,6,4
TR-011006,SUB-011,East,89.88,61.57,40.49,0.76,92.77,100,8,10
TR-011004,SUB-011,East,89.74,62.72,39.91,0.73,92.81,100,7,12
TR-011003,SUB-011,East,90.55,63.09,40.2,0.74,93.53,100,6,16
TR-010020,SUB-010,South,87.5,61.51,39.49,0.76,91.31,100,7,12
TR-010018,SUB-010,South,89.87,61.86,42.18,0.76,92.93,100,6,8
TR-010017,SUB-010,South,86.79,60.31,39.31,0.76,90.19,100,5,9
TR-010015,SUB-010,South,86.29,60.13,42.14,0.77,90.91,100,3,6
TR-010014,SUB-010,South,88.02,61.92,40.79,0.76,90.85,100,5,3
TR-010013,SUB-010,South,87.71,61.35,41.31,0.74,90.2,100,3,3
TR-022017,SUB-022,South,89.96,62.23,38.76,0.78,95.21,100,5,8
TR-022016,SUB-022,South,90.02,62.03,40.34,0.76,91.84,100,7,7
TR-022014,SUB-022,South,90.46,62.14,39.2,0.74,92.78,100,5,9
TR-022012,SUB-022,South,89.4,62.39,40.01,0.77,92.1,100,8,6
TR-022011,SUB-022,South,87.69,60.78,40.73,0.77,90.1,100,4,3
TR-022010,SUB-022,South,89.4,62.4,39.63,0.74,94.38,100,7,17
TR-022007,SUB-022,South,89.69,63.1,38.37,0.74,93.58,100,5,6
TR-022006,SUB-022,South,87.23,60.95,39.05,0.75,90.85,100,7,6
TR-022005,SUB-022,South,88.98,60.94,40.65,0.76,93.13,100,7,5
TR-022004,SUB-022,South,90.33,61.44,39.37,0.75,92.16,100,5,13
TR-022003,SUB-022,South,88.42,62.43,39.62,0.74,94.12,100,8,37
TR-012005,SUB-012,East,87.42,61.81,39.99,0.73,91.83,100,4,3
TR-011020,SUB-011,East,88.83,61.98,41.17,0.76,92.83,100,5,7
TR-011019,SUB-011,East,88.54,60.74,38.89,0.77,92.45,100,5,6
TR-011016,SUB-011,East,87.47,61.84,39.61,0.77,91.92,100,7,11
TR-011015,SUB-011,East,90.33,63.01,39.32,0.76,94.34,100,9,13
TR-011014,SUB-011,East,88.72,62.49,40.49,0.74,94.26,100,9,40
TR-011013,SUB-011,East,89.7,62.55,39.24,0.78,91.08,100,5,4
TR-011012,SUB-011,East,89.68,62.02,40.35,0.74,92.18,100,5,4
TR-011010,SUB-011,East,91.22,62.6,40.25,0.75,93.82,100,5,3
TR-021018,SUB-021,West,89.93,61.81,39.78,0.74,92.12,100,6,7
TR-021017,SUB-021,West,90.03,61.96,39.75,0.72,92.12,100,8,6
TR-021016,SUB-021,West,88.96,61.78,39.66,0.75,92.04,100,8,16
TR-021015,SUB-021,West,89.31,61.75,40.27,0.76,92.24,100,7,10
TR-021013,SUB-021,West,88.98,62.57,39.93,0.75,92.52,100,8,15
TR-021011,SUB-021,West,88.74,62.29,40.13,0.75,93.36,100,9,32
TR-021010,SUB-021,West,87.92,61.42,39.89,0.75,92.12,100,7,18
TR-021008,SUB-021,West,89.62,62.44,39.54,0.76,93.17,100,7,15
TR-021007,SUB-021,West,87.76,61.92,40.82,0.74,90.6,100,7,5
TR-013001,SUB-013,East,88.39,62.93,40.1,0.74,94.97,100,9,44
TR-012020,SUB-012,East,88.73,62.09,39.58,0.73,93.39,100,8,20
TR-012019,SUB-012,East,87.32,61.43,39.16,0.78,90.6,100,6,8
TR-012018,SUB-012,East,88.97,62.07,39.6,0.75,92.74,100,7,11
TR-012017,SUB-012,East,87.57,62.08,41.07,0.74,89.62,100,7,3
TR-012016,SUB-012,East,90.87,63.94,39.23,0.72,95.6,100,5,5
TR-012015,SUB-012,East,88.71,61.28,39.72,0.75,90.86,100,5,9
TR-012013,SUB-012,East,88.05,61.57,40.72,0.76,92.27,100,8,14
TR-012009,SUB-012,East,89.44,61.94,39.88,0.76,92.75,100,9,13
TR-013018,SUB-013,East,87.78,62.87,41.25,0.72,92.67,100,4,3
TR-013016,SUB-013,East,88.31,62.18,39.98,0.75,94.4,100,8,48
TR-013015,SUB-013,East,89.49,62.62,39.89,0.75,94.15,100,8,22
TR-013014,SUB-013,East,88.29,62.32,39.32,0.75,94.82,100,9,42
TR-013011,SUB-013,East,90.74,63.87,39.48,0.73,94.89,100,1,5
TR-013009,SUB-013,East,88.82,63.87,39.59,0.74,92.69,100,4,6
TR-013007,SUB-013,East,90.44,62.73,40.05,0.75,94.06,100,7,11
TR-013006,SUB-013,East,91.25,60.78,40.62,0.78,92.25,100,4,3
TR-013005,SUB-013,East,89.39,62.74,38.81,0.76,92.0,100,6,6
TR-013004,SUB-013,East,89.99,63.21,38.72,0.74,93.54,100,8,16
TR-013003,SUB-013,East,89.17,60.36,38.75,0.79,92.14,100,7,8
TR-021004,SUB-021,West,88.84,62.79,38.94,0.74,93.9,100,9,25
TR-020020,SUB-020,East,87.65,62.09,39.19,0.76,92.85,100,7,15
TR-020019,SUB-020,East,87.31,61.0,40.18,0.74,89.71,100,7,3
TR-020018,SUB-020,East,89.44,62.77,39.99,0.74,94.2,100,9,24
TR-020014,SUB-020,East,88.89,63.22,40.55,0.75,95.35,100,5,10
TR-020012,SUB-020,East,89.67,62.61,38.74,0.74,93.24,100,5,8
TR-020011,SUB-020,East,89.56,62.82,39.63,0.75,93.43,100,6,12
TR-020010,SUB-020,East,88.69,62.0,39.98,0.73,92.46,100,8,10
TR-020009,SUB-020,East,88.17,61.92,38.72,0.75,90.94,100,8,8
TR-020008,SUB-020,East,90.52,62.94,40.21,0.75,94.24,100,9,21
TR-014016,SUB-014,Central,88.97,62.89,40.02,0.73,91.89,100,6,5
TR-014015,SUB-014,Central,90.0,64.19,40.35,0.69,94.83,100,3,3
TR-014013,SUB-014,Central,91.16,62.48,42.77,0.73,93.39,100,6,5
TR-014012,SUB-014,Central,88.02,61.05,40.11,0.75,92.06,100,8,13
TR-014010,SUB-014,Central,90.68,63.07,38.72,0.75,93.93,100,6,6
TR-014005,SUB-014,Central,86.03,62.68,42.36,0.76,90.05,100,7,7
TR-014004,SUB-014,Central,88.43,62.38,41.34,0.75,93.21,100,9,15
TR-014003,SUB-014,Central,89.38,62.0,39.1,0.75,92.69,100,7,15
TR-013019,SUB-013,East,89.62,62.37,39.46,0.75,93.76,100,9,17
TR-020002,SUB-020,East,91.35,61.8,41.51,0.76,92.36,100,6,4
TR-019017,SUB-019,West,89.98,61.7,39.97,0.75,91.6,100,6,2
TR-019014,SUB-019,West,88.47,62.76,40.84,0.77,92.97,100,7,8
TR-019013,SUB-019,West,89.15,62.01,40.61,0.74,93.0,100,9,17
TR-019011,SUB-019,West,90.98,62.42,40.43,0.73,90.38,100,7,2
TR-019008,SUB-019,West,89.06,61.7,40.02,0.77,92.48,100,8,12
TR-015013,SUB-015,Central,90.25,61.64,40.29,0.75,92.45,100,6,7
TR-015012,SUB-015,Central,89.13,62.69,39.16,0.75,94.3,100,8,22
TR-015010,SUB-015,Central,89.0,62.56,39.57,0.75,92.39,100,7,8
TR-015008,SUB-015,Central,89.14,62.38,39.86,0.75,92.08,100,8,14
TR-015005,SUB-015,Central,90.22,63.96,40.41,0.76,90.5,100,6,1
TR-015002,SUB-015,Central,91.44,63.17,38.32,0.76,95.7,100,4,4
TR-014020,SUB-014,Central,89.44,62.75,39.94,0.75,94.45,100,9,34
TR-014019,SUB-014,Central,88.89,61.79,39.88,0.76,93.58,100,6,14
TR-014018,SUB-014,Central,89.48,61.88,39.35,0.73,93.12,100,6,8
TR-019007,SUB-019,West,88.56,62.33,39.68,0.75,94.33,100,9,29
TR-019005,SUB-019,West,88.13,61.69,39.57,0.74,92.24,100,8,14
TR-019004,SUB-019,West,89.73,62.9,40.07,0.75,93.12,100,7,12
TR-019003,SUB-019,West,89.5,62.09,38.77,0.7,92.08,100,5,4
TR-019001,SUB-019,West,88.2,62.68,40.02,0.75,94.27,100,8,32
TR-018019,SUB-018,North-East,87.5,62.01,39.57,0.73,92.0,100,7,11
TR-018017,SUB-018,North-East,87.75,60.98,40.98,0.76,90.89,100,7,7
TR-018016,SUB-018,North-East,87.22,59.94,39.51,0.77,91.44,100,6,8
TR-018014,SUB-018,North-East,88.71,62.44,40.07,0.74,93.59,100,8,20
TR-018012,SUB-018,North-East,88.68,61.86,41.8,0.77,91.62,100,5,4
TR-018011,SUB-018,North-East,88.66,62.01,39.76,0.76,94.04,100,7,29
TR-016010,SUB-016,Central,87.88,62.58,39.23,0.76,93.3,100,9,22
TR-016009,SUB-016,Central,90.09,62.99,40.26,0.74,95.24,100,9,28
TR-016008,SUB-016,Central,87.48,61.66,40.0,0.75,93.59,100,8,35
TR-016003,SUB-016,Central,89.1,62.17,39.81,0.75,93.0,100,8,17
TR-015020,SUB-015,Central,88.77,62.06,39.08,0.73,92.21,100,6,9
TR-015019,SUB-015,Central,89.08,62.67,40.22,0.75,93.04,100,8,21
TR-015018,SUB-015,Central,88.88,62.78,38.53,0.73,96.32,100,7,15
TR-015014,SUB-015,Central,88.81,60.93,40.93,0.75,91.12,100,7,7
TR-017011,SUB-017,North-East,88.42,63.18,39.98,0.74,92.13,100,6,6
TR-017010,SUB-017,North-East,89.84,63.02,40.18,0.73,94.63,100,8,22
TR-017006,SUB-017,North-East,92.67,64.17,40.56,0.73,94.22,100,4,2
TR-017003,SUB-017,North-East,87.41,60.18,38.95,0.76,91.0,100,6,7
TR-017002,SUB-017,North-East,90.09,62.34,39.52,0.75,93.77,100,6,16
TR-016020,SUB-016,Central,90.34,60.89,39.7,0.75,91.95,100,7,9
TR-016019,SUB-016,Central,84.81,61.06,43.69,0.76,88.8,100,4,2
TR-016017,SUB-016,Central,89.52,61.26,39.95,0.74,92.0,100,6,8
TR-018009,SUB-018,North-East,87.67,57.9,40.32,0.8,91.9,100,6,8
TR-018008,SUB-018,North-East,89.38,62.68,39.74,0.75,95.08,100,10,45
TR-018005,SUB-018,North-East,88.22,61.93,39.87,0.75,93.25,100,8,27
TR-018004,SUB-018,North-East,90.17,62.54,39.13,0.74,93.5,100,5,4
TR-018002,SUB-018,North-East,86.92,60.14,38.59,0.77,90.23,100,5,8
TR-018001,SUB-018,North-East,87.75,62.19,39.72,0.74,93.55,100,7,29
TR-017017,SUB-017,North-East,90.34,61.83,40.19,0.76,92.43,100,7,12
TR-017016,SUB-017,North-East,88.14,60.97,40.57,0.75,92.61,100,9,20
TR-017014,SUB-017,North-East,86.23,59.53,39.84,0.77,90.07,100,7,14
TR-017013,SUB-017,North-East,89.82,63.09,39.57,0.75,94.55,100,8,32
TR-017012,SUB-017,North-East,89.52,63.16,41.08,0.75,93.88,100,7,9
TR-001005,SUB-001,North,90.45,63.54,39.47,0.75,93.88,100,8,20
TR-029016,SUB-029,North,88.08,62.17,39.33,0.75,93.81,100,9,36
TR-029015,SUB-029,North,87.74,61.37,39.8,0.74,92.01,100,9,23
TR-029014,SUB-029,North,90.85,62.97,39.4,0.74,95.8,100,8,20
TR-029012,SUB-029,North,89.41,62.62,39.42,0.76,91.93,100,8,8
TR-029010,SUB-029,North,88.08,61.49,38.92,0.75,92.08,100,8,7
TR-029008,SUB-029,North,88.71,61.79,40.15,0.74,93.66,100,8,25
TR-029007,SUB-029,North,88.6,61.71,40.93,0.73,92.19,100,6,9
TR-029006,SUB-029,North,88.85,62.31,39.07,0.73,92.11,100,8,9
TR-029004,SUB-029,North,87.84,61.19,39.31,0.77,89.9,100,5,6
TR-029001,SUB-029,North,88.23,62.25,40.41,0.75,94.07,100,9,44
TR-002001,SUB-002,North,90.26,62.51,38.8,0.75,93.73,100,7,10
TR-001020,SUB-001,North,88.03,62.06,40.27,0.75,94.79,100,6,15
TR-001018,SUB-001,North,90.09,61.59,41.03,0.76,93.6,100,5,6
TR-001017,SUB-001,North,89.47,59.76,41.51,0.79,90.86,100,4,2
TR-001016,SUB-001,North,87.93,62.3,40.6,0.75,93.35,100,7,26
TR-001013,SUB-001,North,88.59,62.54,39.72,0.77,92.78,100,7,11
TR-001009,SUB-001,North,88.93,61.68,39.92,0.75,92.96,100,7,18
TR-001008,SUB-001,North,87.83,60.41,39.27,0.78,91.36,100,3,5
TR-001007,SUB-001,North,88.67,62.25,40.12,0.74,91.06,100,6,5
TR-001010,SUB-001,North,91.25,63.36,39.62,0.78,94.33,99,3,3
TR-001014,SUB-001,North,91.0,63.97,41.47,0.77,90.56,99,4,0
TR-001012,SUB-001,North,86.95,63.81,40.56,0.73,94.33,99,3,6
TR-017020,SUB-017,North-East,84.67,60.74,38.65,0.79,95.67,99,3,3
TR-029011,SUB-029,North,88.54,62.87,39.74,0.72,90.17,99,2,1
TR-016018,SUB-016,Central,87.86,59.84,40.02,0.77,90.6,99,4,5
TR-019012,SUB-019,West,90.84,61.73,38.68,0.73,90.0,99,4,1
TR-015003,SUB-015,Central,90.36,59.16,40.23,0.76,90.1,99,6,4
TR-016015,SUB-016,Central,88.06,59.37,39.88,0.77,91.86,99,4,5
TR-014008,SUB-014,Central,89.22,62.0,38.86,0.75,91.5,99,4,3
TR-021014,SUB-021,West,91.12,61.85,37.71,0.76,93.4,99,3,3
TR-014001,SUB-014,Central,89.53,62.8,39.21,0.72,92.2,99,4,2
TR-019019,SUB-019,West,88.39,62.1,40.34,0.77,93.17,99,5,4
TR-019018,SUB-019,West,88.12,63.29,39.06,0.73,90.62,99,3,2
TR-012008,SUB-012,East,88.69,62.14,39.79,0.7,92.67,99,5,5
TR-021006,SUB-021,West,91.32,63.0,44.3,0.7,94.33,99,2,2
TR-010004,SUB-010,South,88.12,64.36,39.93,0.66,93.5,99,1,1
TR-009019,SUB-009,South,87.87,61.83,42.58,0.77,91.67,99,4,3
TR-010001,SUB-010,South,90.23,61.56,41.65,0.72,92.67,99,3,1
TR-010009,SUB-010,South,88.21,61.39,41.15,0.75,89.5,99,7,2
TR-010019,SUB-010,South,92.62,62.36,36.99,0.76,94.29,99,3,2
TR-010016,SUB-010,South,88.2,62.58,41.57,0.75,95.4,99,2,4
TR-022001,SUB-022,South,87.04,64.11,39.35,0.74,93.2,99,3,3
TR-012001,SUB-012,East,90.37,64.94,37.2,0.78,91.33,99,4,1
TR-011018,SUB-011,East,87.78,65.33,37.91,0.72,95.75,99,5,5
TR-006012,SUB-006,West,91.8,61.03,37.93,0.74,92.6,99,4,3
TR-006010,SUB-006,West,100.0,67.31,39.59,0.69,99.0,99,1,1
TR-007002,SUB-007,West,88.49,60.27,40.18,0.74,89.5,99,4,2
TR-025014,SUB-025,West,90.45,64.42,40.67,0.73,92.78,99,4,4
TR-005011,SUB-005,West,87.56,58.6,37.52,0.77,90.7,99,5,6
TR-026006,SUB-026,South,87.28,59.52,42.1,0.79,88.17,99,5,2
TR-004013,SUB-004,North,91.11,63.53,40.84,0.76,91.89,99,4,2
TR-006007,SUB-006,West,90.97,58.87,40.62,0.78,90.57,99,4,4
TR-027004,SUB-027,North-East,91.67,61.61,38.46,0.71,93.5,99,4,3
TR-004018,SUB-004,North,92.96,64.86,40.74,0.77,95.57,99,3,5
TR-003020,SUB-003,North,85.64,61.34,40.16,0.7,90.75,99,4,2
TR-002015,SUB-002,North,88.46,58.02,41.62,0.75,89.3,99,6,6
TR-002002,SUB-002,North,88.98,63.0,44.25,0.76,90.5,99,3,0
TR-028001,SUB-028,Central,86.94,62.7,39.55,0.74,92.3,99,5,6
TR-003007,SUB-003,North,87.58,58.84,40.04,0.77,90.56,99,4,6
TR-007012,SUB-007,West,90.92,62.7,44.29,0.77,95.5,99,2,2
TR-024001,SUB-024,North,86.98,61.45,41.03,0.76,89.64,99,4,2
TR-024004,SUB-024,North,87.49,62.24,40.39,0.76,90.0,99,5,2
TR-008006,SUB-008,South,90.44,60.69,40.16,0.77,91.12,99,5,3
TR-024018,SUB-024,North,94.0,64.39,42.75,0.71,97.4,99,1,3
TR-007013,SUB-007,West,87.69,63.05,41.73,0.74,90.71,99,4,3
TR-009002,SUB-009,South,90.57,61.4,40.56,0.79,89.71,99,3,3
TR-008018,SUB-008,South,90.9,62.32,38.92,0.78,94.0,99,3,2
TR-002020,SUB-002,North,89.25,58.98,40.11,0.79,89.0,99,3,1
TR-002010,SUB-002,North,90.0,63.86,38.92,0.72,97.67,99,2,3
TR-002017,SUB-002,North,89.52,64.91,35.72,0.73,94.0,99,2,2
TR-002016,SUB-002,North,86.79,61.14,40.83,0.75,89.7,99,5,4
TR-006009,SUB-006,West,88.25,61.01,38.78,0.76,91.67,98,3,3
TR-006013,SUB-006,West,86.33,58.78,41.63,0.81,92.67,98,3,3
TR-023019,SUB-023,East,88.58,62.83,41.27,0.75,89.8,98,4,1
TR-024014,SUB-024,North,87.58,60.64,40.89,0.76,90.79,98,7,8
TR-003012,SUB-003,North,90.54,64.42,38.03,0.75,90.67,98,3,2
TR-013020,SUB-013,East,89.59,61.56,39.93,0.73,91.6,98,4,2
TR-020013,SUB-020,East,90.67,61.57,41.08,0.76,93.5,98,3,3
TR-014006,SUB-014,Central,100.0,63.0,45.44,0.7,98.0,98,1,1
TR-013008,SUB-013,East,90.47,62.46,41.5,0.78,90.9,98,5,3
TR-020001,SUB-020,East,86.25,62.13,42.18,0.78,90.25,98,3,1
TR-011011,SUB-011,East,100.0,63.84,40.04,0.73,97.5,98,2,0
TR-013012,SUB-013,East,84.58,59.5,44.05,0.78,92.0,98,2,2
TR-012006,SUB-012,East,100.0,68.85,40.71,0.74,98.0,98,1,1
TR-008009,SUB-008,South,90.38,59.55,42.23,0.75,91.6,98,4,4
TR-008003,SUB-008,South,86.07,60.1,38.44,0.78,92.0,98,5,5
TR-024012,SUB-024,North,87.71,61.25,39.88,0.76,90.83,98,7,4
TR-007006,SUB-007,West,93.5,62.58,40.39,0.72,92.25,98,3,2
TR-025008,SUB-025,West,87.5,59.72,35.78,0.76,95.5,98,2,2
TR-009013,SUB-009,South,90.0,64.5,39.93,0.76,93.25,98,4,2
TR-012004,SUB-012,East,90.16,63.71,41.98,0.69,94.0,98,2,2
TR-009008,SUB-009,South,84.75,59.46,40.31,0.79,89.0,98,3,2
TR-004001,SUB-004,North,88.43,60.28,39.99,0.75,89.23,98,6,2
TR-003015,SUB-003,North,87.5,59.5,36.39,0.73,95.5,98,1,2
TR-006016,SUB-006,West,88.39,60.19,38.73,0.79,88.4,98,5,2
TR-026003,SUB-026,South,90.0,60.67,40.34,0.76,91.33,98,3,2
TR-006004,SUB-006,West,99.4,64.88,36.59,0.75,98.0,98,1,0
TR-028014,SUB-028,Central,85.23,60.06,42.27,0.78,89.4,98,4,2
TR-002013,SUB-002,North,87.5,61.68,44.1,0.75,97.0,98,2,2
TR-015009,SUB-015,Central,89.79,63.45,38.96,0.77,90.0,98,3,1
TR-019002,SUB-019,West,92.27,63.56,35.58,0.77,98.0,98,1,1
TR-018013,SUB-018,North-East,92.42,63.0,43.97,0.74,91.5,98,2,0
TR-015006,SUB-015,Central,89.87,58.83,39.71,0.8,89.85,98,5,4
TR-015007,SUB-015,Central,88.5,63.0,35.92,0.67,97.0,98,2,2
TR-019015,SUB-019,West,84.75,60.62,39.88,0.78,91.75,98,3,3
TR-017019,SUB-017,North-East,84.87,62.06,42.04,0.72,90.57,98,3,3
TR-029005,SUB-029,North,85.38,61.55,41.8,0.78,90.0,98,3,2
TR-020017,SUB-020,East,89.98,59.56,40.48,0.8,93.86,98,3,6
TR-008020,SUB-008,South,86.18,60.81,38.5,0.79,94.33,98,3,3
TR-010003,SUB-010,South,87.52,60.08,42.28,0.77,91.5,98,3,3
TR-027001,SUB-027,North-East,90.49,65.06,39.26,0.72,90.4,97,3,0
TR-028003,SUB-028,Central,89.47,62.29,38.01,0.71,90.43,97,5,3
TR-003014,SUB-003,North,93.5,62.06,40.03,0.78,94.0,97,2,2
TR-005019,SUB-005,West,88.04,63.0,45.38,0.69,97.0,97,1,1
TR-026019,SUB-026,South,90.0,64.35,41.41,0.73,92.33,97,2,1
TR-004011,SUB-004,North,83.21,56.65,38.4,0.83,88.75,97,2,4
TR-028019,SUB-028,Central,96.45,66.18,34.92,0.78,93.5,97,1,0
TR-027011,SUB-027,North-East,92.5,63.0,39.9,0.7,96.5,97,1,1
TR-024019,SUB-024,North,92.5,64.47,36.36,0.75,91.0,97,2,0
TR-015011,SUB-015,Central,87.5,61.1,40.62,0.75,91.5,97,2,1
TR-016002,SUB-016,Central,94.09,63.0,34.51,0.78,97.0,97,1,1
TR-016014,SUB-016,Central,87.85,59.76,40.6,0.8,87.81,97,5,3
TR-020015,SUB-020,East,93.95,64.87,43.82,0.74,97.0,97,2,1
TR-029003,SUB-029,North,86.24,58.37,40.88,0.81,90.0,97,4,3
TR-017001,SUB-017,North-East,100.0,63.0,44.87,0.7,97.0,97,1,1
TR-017015,SUB-017,North-East,91.33,59.15,36.77,0.74,90.0,97,3,1
TR-017005,SUB-017,North-East,92.62,66.26,39.82,0.59,97.0,97,1,2
TR-012014,SUB-012,East,90.23,62.8,36.1,0.72,90.5,97,4,1
TR-013010,SUB-013,East,92.0,60.57,43.33,0.73,92.0,97,2,1
TR-020003,SUB-020,East,89.67,60.43,36.73,0.79,89.0,97,2,1
TR-019020,SUB-019,West,85.0,63.0,36.45,0.78,97.0,97,1,1
TR-021003,SUB-021,West,85.49,63.0,36.02,0.78,95.5,97,2,2
TR-008007,SUB-008,South,86.44,61.88,41.33,0.69,88.5,97,5,1
TR-024015,SUB-024,North,90.0,56.74,42.98,0.82,93.5,97,2,2
TR-024013,SUB-024,North,84.29,58.35,40.4,0.8,89.29,97,6,9
TR-008011,SUB-008,South,87.5,61.73,37.54,0.8,94.5,97,4,3
TR-024009,SUB-024,North,87.5,59.8,43.99,0.7,95.5,97,2,2
TR-024007,SUB-024,North,84.78,59.5,43.8,0.75,93.0,97,2,2
TR-023010,SUB-023,East,92.0,60.47,36.02,0.75,91.0,97,2,1
TR-008015,SUB-008,South,84.65,62.56,40.12,0.81,92.5,96,2,2
TR-025001,SUB-025,West,85.57,62.09,39.59,0.72,88.5,96,4,2
TR-024003,SUB-024,North,85.0,63.0,34.91,0.78,96.0,96,1,1
TR-023008,SUB-023,East,90.84,61.86,39.7,0.78,90.25,96,3,1
TR-012010,SUB-012,East,85.8,60.48,40.9,0.78,89.4,96,4,3
TR-018003,SUB-018,North-East,100.0,64.19,44.46,0.67,96.0,96,1,0
TR-017007,SUB-017,North-East,100.0,66.05,35.28,0.77,96.0,96,1,0
TR-012007,SUB-012,East,85.0,63.0,35.55,0.61,96.0,96,1,1
TR-017008,SUB-017,North-East,85.0,63.0,34.76,0.68,96.0,96,1,1
TR-014017,SUB-014,Central,86.71,60.25,37.9,0.74,90.0,96,4,2
TR-011017,SUB-011,East,86.77,62.29,35.8,0.78,89.33,96,2,1
TR-018018,SUB-018,North-East,100.0,63.0,35.86,0.77,96.0,96,2,0
TR-002005,SUB-002,North,87.64,61.6,38.74,0.75,89.8,96,4,1
TR-026007,SUB-026,South,86.01,62.0,37.01,0.77,89.29,96,5,1
TR-026020,SUB-026,South,85.0,63.0,43.75,0.74,96.0,96,1,1
TR-002006,SUB-002,North,96.8,63.41,45.34,0.72,93.0,96,1,0
TR-004003,SUB-004,North,89.75,62.03,36.42,0.76,90.5,96,2,2
TR-010012,SUB-010,South,87.75,61.25,40.4,0.77,88.25,96,3,1
TR-012002,SUB-012,East,93.93,63.54,45.35,0.7,92.0,96,1,0
TR-022009,SUB-022,South,88.45,61.22,37.89,0.75,90.6,96,5,3
TR-001011,SUB-001,North,90.42,62.03,41.39,0.77,95.0,95,2,2
TR-021012,SUB-021,West,91.57,58.67,41.24,0.75,90.33,95,2,1
TR-029002,SUB-029,North,85.0,63.0,34.81,0.76,95.0,95,1,1
TR-022002,SUB-022,South,90.0,62.3,40.43,0.74,90.0,95,3,1
TR-008012,SUB-008,South,85.0,63.0,36.3,0.78,95.0,95,1,1
TR-028006,SUB-028,Central,84.5,61.28,39.2,0.78,91.5,95,2,2
TR-001001,SUB-001,North,84.83,57.56,41.53,0.83,91.0,95,2,4
TR-016012,SUB-016,Central,89.68,59.04,40.08,0.79,94.0,95,2,2
TR-023007,SUB-023,East,87.5,61.0,44.3,0.75,90.5,94,2,1
TR-012011,SUB-012,East,92.5,65.23,40.25,0.73,91.0,94,2,0
TR-021020,SUB-021,West,85.0,63.0,43.67,0.67,94.0,94,1,1
TR-021009,SUB-021,West,85.0,63.0,35.41,0.66,94.0,94,1,1
TR-011001,SUB-011,East,91.84,61.06,39.09,0.81,89.5,94,2,0
TR-001019,SUB-001,North,90.0,56.0,37.3,0.75,93.0,93,1,1
TR-014011,SUB-014,Central,85.88,57.72,40.46,0.79,87.6,93,4,3
TR-019006,SUB-019,West,90.0,56.0,37.07,0.73,93.0,93,1,1
TR-013017,SUB-013,East,90.0,57.41,43.45,0.72,93.0,93,1,1
TR-004017,SUB-004,North,85.0,63.0,36.41,0.69,93.0,93,1,1
TR-027015,SUB-027,North-East,88.61,60.0,41.6,0.76,88.0,93,3,2
TR-022019,SUB-022,South,84.56,57.6,38.24,0.78,88.33,93,3,2
TR-010008,SUB-010,South,89.91,60.42,36.35,0.84,93.0,93,1,1
TR-024010,SUB-024,North,87.5,59.5,39.88,0.73,88.5,92,2,1
TR-007007,SUB-007,West,88.95,61.87,41.2,0.77,89.67,92,3,1
TR-022015,SUB-022,South,89.74,60.27,43.95,0.62,91.5,92,2,1
TR-018007,SUB-018,North-East,89.6,62.19,39.29,0.78,90.67,92,2,1
TR-028005,SUB-028,Central,87.5,59.74,44.02,0.79,88.5,91,2,1
TR-026015,SUB-026,South,90.0,56.62,37.41,0.75,91.0,91,1,1
TR-021005,SUB-021,West,87.82,59.99,40.81,0.75,88.0,91,2,1
TR-009014,SUB-009,South,88.49,58.2,37.32,0.81,91.0,91,1,1
TR-020004,SUB-020,East,98.1,63.74,35.61,0.77,91.0,91,1,0
TR-021002,SUB-021,West,90.14,59.27,38.31,0.76,88.33,91,3,1
TR-017009,SUB-017,North-East,90.0,56.0,37.57,0.81,91.0,91,1,1
TR-001006,SUB-001,North,86.0,64.12,39.16,0.78,87.4,90,4,0
TR-017004,SUB-017,North-East,85.33,56.33,43.8,0.77,89.33,90,3,2
TR-020005,SUB-020,East,82.2,58.65,43.77,0.71,90.0,90,1,1
TR-005018,SUB-005,West,86.4,56.0,43.35,0.82,90.0,90,1,1
TR-028007,SUB-028,Central,89.81,57.4,42.47,0.75,90.0,90,1,1
TR-025003,SUB-025,West,87.0,57.57,43.2,0.83,88.0,90,2,1
TR-002007,SUB-002,North,84.0,52.92,43.26,0.84,87.5,89,1,2
TR-026017,SUB-026,South,86.0,58.83,40.02,0.79,87.75,89,3,1
TR-024020,SUB-024,North,86.07,56.0,36.58,0.83,88.0,88,1,1
TR-027007,SUB-027,North-East,84.0,50.65,43.3,0.9,88.0,88,1,1
TR-004004,SUB-004,North,84.25,59.5,41.02,0.7,87.0,88,2,1
TR-029019,SUB-029,North,83.65,56.33,36.55,0.8,86.33,88,3,2
TR-015015,SUB-015,Central,87.91,57.45,38.86,0.78,86.0,88,3,1
TR-027016,SUB-027,North-East,83.76,55.83,43.26,0.87,87.0,88,2,2
TR-025016,SUB-025,West,87.93,63.95,35.07,0.78,87.0,87,1,0
TR-003009,SUB-003,North,85.0,65.91,44.09,0.73,87.0,87,1,0
TR-026011,SUB-026,South,87.66,58.77,40.71,0.74,86.29,87,3,1
TR-014007,SUB-014,Central,89.2,63.0,35.03,0.67,87.0,87,1,0
TR-016016,SUB-016,Central,86.28,56.0,42.84,0.68,87.0,87,1,1
TR-013013,SUB-013,East,85.0,63.0,43.7,0.78,87.0,87,1,0
TR-007016,SUB-007,West,84.02,59.5,35.92,0.73,86.0,87,2,1
TR-016007,SUB-016,Central,84.5,60.7,40.67,0.84,86.5,87,2,1
TR-020007,SUB-020,East,80.41,56.0,43.44,0.78,87.0,87,1,1
TR-016004,SUB-016,Central,85.0,64.85,43.45,0.74,87.0,87,1,0
TR-015004,SUB-015,Central,84.0,51.36,43.14,0.81,87.0,87,1,1
TR-022020,SUB-022,South,85.0,63.0,40.43,0.78,85.5,86,1,0
TR-008010,SUB-008,South,85.0,63.0,44.1,0.78,86.0,86,1,0
TR-001015,SUB-001,North,90.0,64.51,36.4,0.74,86.0,86,1,0
TR-019009,SUB-019,West,84.0,50.0,43.21,0.81,86.0,86,1,1
TR-027009,SUB-027,North-East,84.96,57.26,43.46,0.82,86.0,86,2,1
TR-002004,SUB-002,North,85.0,63.0,43.77,0.78,86.0,86,1,0
TR-012003,SUB-012,East,85.0,63.55,35.72,0.76,86.0,86,2,0
TR-013002,SUB-013,East,88.95,62.34,42.99,0.82,85.0,85,1,0
TR-018010,SUB-018,North-East,85.0,63.0,40.92,0.78,85.0,85,2,0
TR-029013,SUB-029,North,85.0,63.9,36.31,0.78,85.0,85,1,0
TR-014002,SUB-014,Central,84.0,53.0,42.9,0.8,85.0,85,1,1
TR-016006,SUB-016,Central,84.0,54.11,36.94,0.79,85.0,85,1,1
TR-021019,SUB-021,West,90.0,60.06,36.36,0.74,85.0,85,1,0
TR-022008,SUB-022,South,90.0,56.0,36.33,0.84,85.0,85,1,0
TR-011002,SUB-011,East,90.0,62.02,43.43,0.81,85.0,85,1,0
TR-009017,SUB-009,South,90.0,61.85,36.8,0.8,85.0,85,1,0
TR-007015,SUB-007,West,85.0,63.0,43.47,0.62,85.0,85,1,0
TR-007018,SUB-007,West,84.0,53.96,42.65,0.81,85.0,85,1,1
TR-027019,SUB-027,North-East,85.0,63.0,43.86,0.74,85.0,85,1,0
TR-027018,SUB-027,North-East,84.0,53.38,37.53,0.85,85.0,85,1,1
